// Generated by convert.py from Campfire_Animated.png. Do not edit by hand.
// 4x LANCZOS upscale, 90deg CCW rotation, Bayer 4x4 dither (aligned to panel grid).
// Full-screen 250x122 frames, flames pointing left.
// Bit semantics: bit=1 = background (black ink); bit=0 = flame (white canvas).
// Draw with: drawXBitmap(0, 0, frame, 250, 122, 1).

#pragma once
#include <stdint.h>

#define CAMPFIRE_FRAME_W      250
#define CAMPFIRE_FRAME_H      122
#define CAMPFIRE_FRAME_COUNT  7
#define CAMPFIRE_FRAME_BYTES  3904

static const uint8_t campfire_frames[CAMPFIRE_FRAME_COUNT][CAMPFIRE_FRAME_BYTES] = {
  {
    /* frame 0 */
    0xff, 0xff, 0xff, 0xff, 0xff, 0xff, 0xff, 0xff, 0xff, 0xff, 0xff, 0xff,
    0xff, 0xff, 0xff, 0xff, 0xff, 0xff, 0xff, 0xff, 0xff, 0xff, 0xff, 0xff,
    0xff, 0xff, 0xff, 0xff, 0xff, 0xff, 0xff, 0x03, 0xff, 0xff, 0xff, 0xff,
    0xff, 0xff, 0xff, 0xff, 0xff, 0xff, 0xff, 0xff, 0xff, 0xff, 0xff, 0xff,
    0xff, 0xff, 0xff, 0xff, 0xff, 0xff, 0xff, 0xff, 0xff, 0xff, 0xff, 0xff,
    0xff, 0xff, 0xff, 0x03, 0xff, 0xff, 0xff, 0xff, 0xff, 0xff, 0xff, 0xff,
    0xff, 0xff, 0xff, 0xff, 0xff, 0xff, 0xff, 0xff, 0xff, 0xff, 0xff, 0xff,
    0xff, 0xff, 0xff, 0xff, 0xff, 0xff, 0xff, 0xff, 0xff, 0xff, 0xff, 0x03,
    0xff, 0xff, 0xff, 0xff, 0xff, 0xff, 0xff, 0xff, 0xff, 0xff, 0xff, 0xff,
    0xff, 0xff, 0xff, 0xff, 0xff, 0xff, 0xff, 0xff, 0xff, 0xff, 0xff, 0xff,
    0xff, 0xff, 0xff, 0xff, 0xff, 0xff, 0xff, 0x03, 0xff, 0xff, 0xff, 0xff,
    0xff, 0xff, 0xff, 0xff, 0xff, 0xff, 0xff, 0xff, 0xff, 0xff, 0xff, 0xff,
    0xff, 0xff, 0xff, 0xff, 0xff, 0xff, 0xff, 0xff, 0xff, 0xff, 0xff, 0xff,
    0xff, 0xff, 0xff, 0x03, 0xff, 0xff, 0xff, 0xff, 0xff, 0xff, 0xff, 0xff,
    0xff, 0xff, 0xff, 0xff, 0xff, 0xff, 0xff, 0xff, 0xff, 0xff, 0xff, 0xff,
    0xff, 0xff, 0xff, 0xff, 0xff, 0xff, 0xff, 0xff, 0xff, 0xff, 0xff, 0x03,
    0xff, 0xff, 0xff, 0xff, 0xff, 0xff, 0xff, 0xff, 0xff, 0xff, 0xff, 0xff,
    0xff, 0xff, 0xff, 0xff, 0xff, 0xff, 0xff, 0xff, 0xff, 0xff, 0xff, 0xff,
    0xff, 0xff, 0xff, 0xff, 0xff, 0xff, 0xff, 0x03, 0xff, 0xff, 0xff, 0xff,
    0xff, 0xff, 0xff, 0xff, 0xff, 0xff, 0xff, 0xff, 0xff, 0xff, 0xff, 0xff,
    0xff, 0xff, 0xff, 0xff, 0xff, 0xff, 0xff, 0xff, 0xff, 0xff, 0xff, 0xff,
    0xff, 0xff, 0xff, 0x03, 0xff, 0xff, 0xff, 0xff, 0xff, 0xff, 0xff, 0xff,
    0xff, 0xff, 0xff, 0xff, 0xff, 0xff, 0xff, 0xff, 0xff, 0xff, 0xff, 0xff,
    0xff, 0xff, 0xff, 0xff, 0xff, 0xff, 0xff, 0xff, 0xff, 0xff, 0xff, 0x03,
    0xff, 0xff, 0xff, 0xff, 0xff, 0xff, 0xff, 0xff, 0xff, 0xff, 0xff, 0xff,
    0xff, 0xff, 0xff, 0xff, 0xff, 0xff, 0xff, 0xff, 0xff, 0xff, 0xff, 0xff,
    0xff, 0xff, 0xff, 0xff, 0xff, 0xff, 0xff, 0x03, 0xff, 0xff, 0xff, 0xff,
    0xff, 0xff, 0xff, 0xff, 0xff, 0xff, 0xff, 0xff, 0xff, 0xff, 0xff, 0xff,
    0xff, 0xff, 0xff, 0xff, 0xff, 0xff, 0xff, 0xff, 0xff, 0xff, 0xff, 0xff,
    0xff, 0xff, 0xff, 0x03, 0xff, 0xff, 0xff, 0xff, 0xff, 0xff, 0xff, 0xff,
    0xff, 0xff, 0xff, 0xff, 0xff, 0xff, 0xff, 0xff, 0xff, 0xff, 0xff, 0xff,
    0xff, 0xff, 0xff, 0xff, 0xff, 0xff, 0xff, 0xff, 0xff, 0xff, 0xff, 0x03,
    0xff, 0xff, 0xff, 0xff, 0xff, 0xff, 0xff, 0xff, 0xee, 0xfe, 0xff, 0xff,
    0xff, 0xff, 0xff, 0xff, 0xff, 0xff, 0xff, 0xff, 0xff, 0xff, 0xff, 0xff,
    0xff, 0xff, 0xff, 0xff, 0xff, 0xff, 0xff, 0x03, 0xff, 0xff, 0xff, 0xff,
    0xff, 0xff, 0xff, 0xff, 0xff, 0xff, 0xff, 0xff, 0xff, 0xff, 0xff, 0xff,
    0xff, 0xff, 0xff, 0xff, 0xff, 0xff, 0xff, 0xff, 0xff, 0xff, 0xff, 0xff,
    0xff, 0xff, 0xff, 0x03, 0xff, 0xff, 0xff, 0xff, 0xff, 0xff, 0xff, 0xbf,
    0xbb, 0xff, 0xff, 0xff, 0xff, 0xff, 0xff, 0xff, 0xff, 0xff, 0xff, 0xff,
    0xff, 0xff, 0xff, 0xff, 0xff, 0xff, 0xff, 0xff, 0xff, 0xff, 0xff, 0x03,
    0xff, 0xff, 0xff, 0xff, 0xff, 0xff, 0xff, 0xff, 0xff, 0xff, 0xff, 0xff,
    0xff, 0xff, 0xff, 0xff, 0xff, 0xff, 0xff, 0xff, 0xff, 0xff, 0xff, 0xff,
    0xff, 0xff, 0xff, 0xff, 0xff, 0xff, 0xff, 0x03, 0xff, 0xff, 0xff, 0xff,
    0xff, 0xff, 0xff, 0xef, 0xea, 0xfe, 0xff, 0xff, 0xff, 0xff, 0xff, 0xff,
    0xff, 0xff, 0xff, 0xff, 0xff, 0xff, 0xff, 0xff, 0xff, 0xff, 0xff, 0xff,
    0xff, 0xff, 0xff, 0x03, 0xff, 0xff, 0xff, 0xff, 0xff, 0xff, 0xff, 0xff,
    0xff, 0xff, 0xff, 0xff, 0xff, 0xff, 0xff, 0xff, 0xff, 0xff, 0xff, 0xff,
    0xff, 0xff, 0xff, 0xff, 0xff, 0xff, 0xff, 0xff, 0xff, 0xff, 0xff, 0x03,
    0xff, 0xff, 0xff, 0xff, 0xff, 0xff, 0xff, 0xbb, 0xfb, 0xff, 0xff, 0xff,
    0xff, 0xff, 0xff, 0xff, 0xff, 0xff, 0xff, 0xff, 0xff, 0xff, 0xff, 0xff,
    0xff, 0xff, 0xff, 0xff, 0xff, 0xff, 0xff, 0x03, 0xff, 0xff, 0xff, 0xff,
    0xff, 0xff, 0xff, 0xff, 0xff, 0xff, 0xff, 0xff, 0xff, 0xff, 0xff, 0xff,
    0xff, 0xff, 0xff, 0xff, 0xff, 0xff, 0xff, 0xff, 0xff, 0xff, 0xff, 0xff,
    0xff, 0xff, 0xff, 0x03, 0xff, 0xff, 0xff, 0xff, 0xff, 0xff, 0xff, 0xee,
    0xee, 0xff, 0xff, 0xff, 0xfe, 0xff, 0xff, 0xff, 0xff, 0xff, 0xff, 0xff,
    0xff, 0xff, 0xff, 0xff, 0xff, 0xff, 0xff, 0xff, 0xef, 0xee, 0xfe, 0x03,
    0xff, 0xff, 0xff, 0xff, 0xff, 0xff, 0xff, 0xff, 0xff, 0xff, 0xff, 0xff,
    0xff, 0xff, 0xff, 0xff, 0xff, 0xff, 0xff, 0xff, 0xff, 0xff, 0xff, 0xff,
    0xff, 0xff, 0xff, 0xff, 0xff, 0xff, 0xff, 0x03, 0xff, 0xff, 0xff, 0xff,
    0xff, 0xff, 0xff, 0xbb, 0xff, 0xff, 0xff, 0xbf, 0xff, 0xff, 0xff, 0xff,
    0xff, 0xff, 0xff, 0xff, 0xff, 0xff, 0xff, 0xff, 0xff, 0xff, 0xff, 0xff,
    0xbf, 0xaa, 0xff, 0x03, 0xff, 0xff, 0xff, 0xff, 0xff, 0xff, 0xff, 0xff,
    0xff, 0xff, 0xff, 0xff, 0xff, 0xff, 0xff, 0xff, 0xff, 0xff, 0xff, 0xff,
    0xff, 0xff, 0xff, 0xff, 0xff, 0xff, 0xff, 0xff, 0x7f, 0xf7, 0xff, 0x03,
    0xff, 0xff, 0xff, 0xff, 0xff, 0xff, 0xff, 0xae, 0xfe, 0xff, 0xff, 0xee,
    0xee, 0xff, 0xff, 0xff, 0xff, 0xff, 0xff, 0xff, 0xff, 0xff, 0xff, 0xff,
    0xff, 0xff, 0xff, 0xff, 0xaf, 0xaa, 0xfe, 0x03, 0xff, 0xff, 0xff, 0xff,
    0xff, 0xff, 0xff, 0xff, 0xff, 0xff, 0xff, 0xff, 0xff, 0xff, 0xff, 0xff,
    0xff, 0xff, 0xff, 0xff, 0xff, 0xff, 0xff, 0xff, 0xff, 0xff, 0xff, 0xff,
    0x5f, 0xd5, 0xff, 0x03, 0xff, 0xff, 0xff, 0xff, 0xff, 0xff, 0xbf, 0xbb,
    0xff, 0xff, 0xbf, 0xbb, 0xfb, 0xff, 0xff, 0xff, 0xff, 0xff, 0xff, 0xff,
    0xff, 0xff, 0xff, 0xff, 0xff, 0xff, 0xff, 0xff, 0xab, 0xaa, 0xff, 0x03,
    0xff, 0xff, 0xff, 0xff, 0xff, 0xff, 0xff, 0xff, 0xff, 0xff, 0xff, 0xff,
    0xff, 0xff, 0xff, 0xff, 0xff, 0xff, 0xff, 0xff, 0xff, 0xff, 0xff, 0xff,
    0xff, 0xff, 0xff, 0xff, 0x77, 0xf7, 0xff, 0x03, 0xff, 0xff, 0xff, 0xff,
    0xff, 0xff, 0xef, 0xee, 0xfe, 0xff, 0xef, 0xea, 0xea, 0xff, 0xff, 0xff,
    0xff, 0xff, 0xff, 0xff, 0xff, 0xff, 0xff, 0xef, 0xee, 0xfe, 0xff, 0xee,
    0xaa, 0xaa, 0xfe, 0x03, 0xff, 0xff, 0xff, 0xff, 0xff, 0xff, 0xff, 0xff,
    0xff, 0xff, 0xff, 0xff, 0xff, 0xff, 0xff, 0xff, 0xff, 0xff, 0xff, 0xff,
    0xff, 0xff, 0xff, 0xff, 0xff, 0xff, 0xff, 0xff, 0xd5, 0xfd, 0xff, 0x03,
    0xff, 0xff, 0xff, 0xff, 0xff, 0xff, 0xbf, 0xfb, 0xff, 0xff, 0xbb, 0xbb,
    0xfb, 0xff, 0xff, 0xff, 0xff, 0xff, 0xff, 0xff, 0xff, 0xff, 0xff, 0xbb,
    0xbb, 0xfb, 0xff, 0xab, 0xaa, 0xaa, 0xff, 0x03, 0xff, 0xff, 0xff, 0xff,
    0xff, 0xff, 0xff, 0xff, 0xff, 0xff, 0xff, 0xff, 0xff, 0xff, 0xff, 0xff,
    0xff, 0xff, 0xff, 0xff, 0xff, 0xff, 0xff, 0xff, 0xff, 0xff, 0xff, 0x77,
    0x77, 0xff, 0xff, 0x03, 0xff, 0xff, 0xff, 0xff, 0xff, 0xff, 0xef, 0xea,
    0xff, 0xff, 0xee, 0xee, 0xea, 0xff, 0xff, 0xff, 0xff, 0xff, 0xff, 0xff,
    0xff, 0xef, 0xee, 0xaa, 0xaa, 0xea, 0xef, 0xaa, 0xaa, 0xaa, 0xee, 0x02,
    0xff, 0xff, 0xff, 0xff, 0xff, 0xff, 0xff, 0xff, 0xff, 0xff, 0xff, 0xff,
    0xff, 0xff, 0xff, 0xff, 0xff, 0xff, 0xff, 0xff, 0xff, 0xff, 0xff, 0xff,
    0xff, 0xf5, 0xff, 0x55, 0xdd, 0xdd, 0xff, 0x03, 0xff, 0xff, 0xff, 0xff,
    0xff, 0xff, 0xbb, 0xfb, 0xff, 0xff, 0xbb, 0xbb, 0xbb, 0xff, 0xff, 0xff,
    0xff, 0xff, 0xff, 0xff, 0xff, 0xbb, 0xbb, 0xbb, 0xab, 0xaa, 0xab, 0xaa,
    0xaa, 0xaa, 0xaa, 0x03, 0xff, 0xff, 0xff, 0xff, 0xff, 0xff, 0xff, 0xff,
    0xff, 0xff, 0xff, 0xff, 0xff, 0xff, 0xff, 0xff, 0xff, 0xff, 0xff, 0xff,
    0xff, 0xff, 0xff, 0xff, 0x7f, 0xf5, 0x77, 0x77, 0xf7, 0x77, 0xf7, 0x03,
    0xff, 0xff, 0xff, 0xff, 0xff, 0xff, 0xee, 0xea, 0xff, 0xff, 0xee, 0xee,
    0xaa, 0xfe, 0xfe, 0xff, 0xff, 0xff, 0xff, 0xee, 0xee, 0xaa, 0xaa, 0xaa,
    0xaa, 0xa8, 0xaa, 0xaa, 0xaa, 0xaa, 0xaa, 0x02, 0xff, 0xff, 0xff, 0xff,
    0xff, 0xff, 0xff, 0xff, 0xff, 0xff, 0xff, 0xff, 0xff, 0xff, 0xff, 0xff,
    0xff, 0xff, 0xff, 0xff, 0xff, 0xff, 0xfd, 0xd5, 0x5f, 0x55, 0xd5, 0xdd,
    0xdd, 0x5d, 0xd5, 0x03, 0xff, 0xff, 0xff, 0xff, 0xff, 0xff, 0xbb, 0xfb,
    0xff, 0xbf, 0xbb, 0xbb, 0xbb, 0xbf, 0xff, 0xff, 0xff, 0xff, 0xbf, 0xbb,
    0xbb, 0xab, 0xaa, 0xaa, 0xaa, 0xaa, 0xaa, 0xaa, 0xaa, 0xaa, 0xaa, 0x03,
    0xff, 0xff, 0xff, 0xff, 0xff, 0xff, 0xff, 0xff, 0xff, 0xff, 0xff, 0xff,
    0xff, 0xff, 0xff, 0xff, 0xff, 0xff, 0xff, 0xff, 0xff, 0xff, 0x7f, 0x55,
    0x7f, 0x55, 0xf5, 0x77, 0x7f, 0x77, 0xf7, 0x03, 0xff, 0xff, 0xff, 0xff,
    0xff, 0xff, 0xee, 0xea, 0xff, 0xef, 0xee, 0xee, 0xae, 0xee, 0xfe, 0xff,
    0xff, 0xff, 0xaf, 0xaa, 0xaa, 0xaa, 0xaa, 0x8a, 0xaa, 0x88, 0xa8, 0xaa,
    0xaa, 0xaa, 0xaa, 0x02, 0xff, 0xff, 0xff, 0xff, 0xff, 0xff, 0xff, 0xff,
    0xff, 0xff, 0xff, 0xff, 0xff, 0xff, 0xff, 0xff, 0xff, 0xff, 0xff, 0xff,
    0xff, 0xd5, 0x55, 0x55, 0x55, 0x55, 0x55, 0xdd, 0xdd, 0xdd, 0xdd, 0x03,
    0xff, 0xff, 0xff, 0xff, 0xff, 0xff, 0xbb, 0xfb, 0xff, 0xbf, 0xbb, 0xbb,
    0xbb, 0xbb, 0xfb, 0xff, 0xff, 0xff, 0xbb, 0xbb, 0xbb, 0xaa, 0xaa, 0xaa,
    0xaa, 0xaa, 0xaa, 0xaa, 0xaa, 0xaa, 0xaa, 0x03, 0xff, 0xff, 0xff, 0xff,
    0xff, 0xff, 0xff, 0xff, 0xff, 0xff, 0xff, 0xff, 0xff, 0xff, 0xff, 0xff,
    0xff, 0xff, 0xff, 0xff, 0x7f, 0x75, 0x55, 0x55, 0x55, 0x55, 0x55, 0xff,
    0x77, 0x77, 0xf7, 0x03, 0xff, 0xff, 0xff, 0xff, 0xff, 0xff, 0xee, 0xea,
    0xff, 0xef, 0xee, 0xee, 0xee, 0xea, 0xee, 0xef, 0xff, 0xff, 0xaa, 0xaa,
    0xaa, 0xaa, 0x80, 0xa8, 0x88, 0xaa, 0x8a, 0xaa, 0xaa, 0xaa, 0xaa, 0x02,
    0xff, 0xff, 0xff, 0xff, 0xff, 0xff, 0xff, 0xff, 0xff, 0xff, 0xff, 0xff,
    0xff, 0xff, 0xff, 0xff, 0xff, 0xff, 0xff, 0xff, 0xdf, 0x55, 0x54, 0x55,
    0x55, 0x55, 0x55, 0xdd, 0xdd, 0xdd, 0xdd, 0x03, 0xff, 0xff, 0xff, 0xff,
    0xff, 0xff, 0xbb, 0xfb, 0xff, 0xbf, 0xbb, 0xbb, 0xbb, 0xbb, 0xbb, 0xbb,
    0xff, 0xbf, 0xbb, 0xbb, 0xaa, 0x2a, 0xa0, 0xaa, 0xaa, 0xaa, 0xaa, 0xaa,
    0xaa, 0xaa, 0xaa, 0x03, 0xff, 0xff, 0xff, 0xff, 0xff, 0xff, 0xff, 0xff,
    0xff, 0xff, 0xff, 0xff, 0xff, 0xff, 0xff, 0xff, 0xff, 0xff, 0xff, 0xff,
    0xff, 0x57, 0x50, 0x55, 0x55, 0x55, 0x55, 0x77, 0x77, 0xf7, 0xff, 0x03,
    0xff, 0xff, 0xff, 0xff, 0xff, 0xff, 0xef, 0xee, 0xff, 0xef, 0xee, 0xee,
    0xee, 0xaa, 0xee, 0xae, 0xee, 0xae, 0xaa, 0xaa, 0xaa, 0x0a, 0x80, 0xaa,
    0xa8, 0x80, 0x88, 0xaa, 0xaa, 0xaa, 0xaa, 0x02, 0xff, 0xff, 0xff, 0xff,
    0xff, 0xff, 0xff, 0xff, 0xff, 0xff, 0xff, 0xff, 0xff, 0xff, 0xff, 0xff,
    0xff, 0xff, 0xff, 0xff, 0xff, 0x55, 0x55, 0x5d, 0x55, 0x55, 0x55, 0xd5,
    0xdd, 0xdd, 0xff, 0x03, 0xff, 0xff, 0xff, 0xff, 0xff, 0xff, 0xbf, 0xfb,
    0xff, 0xbb, 0xbb, 0xbb, 0xbb, 0xbb, 0xbb, 0xbb, 0xbb, 0xbb, 0xbb, 0xbb,
    0xbb, 0x2a, 0xa2, 0xaa, 0xaa, 0x00, 0xa0, 0xaa, 0xaa, 0xaa, 0xaa, 0x03,
    0xff, 0xff, 0xff, 0xff, 0xff, 0xff, 0xff, 0xff, 0xff, 0xff, 0xff, 0xff,
    0xff, 0xff, 0xff, 0xff, 0xff, 0xff, 0xff, 0xff, 0x7f, 0x55, 0x57, 0x7f,
    0x55, 0x11, 0x51, 0x75, 0x77, 0xf7, 0xff, 0x03, 0xef, 0xff, 0xff, 0xff,
    0xff, 0xff, 0xff, 0xee, 0xff, 0xee, 0xee, 0xee, 0xee, 0xaa, 0xee, 0xee,
    0xae, 0xaa, 0xaa, 0xaa, 0xaa, 0xaa, 0xaa, 0xaa, 0x08, 0x00, 0x80, 0xa8,
    0xaa, 0xaa, 0xaa, 0x02, 0xff, 0xff, 0xff, 0xff, 0xff, 0xff, 0xff, 0xff,
    0xff, 0xff, 0xff, 0xff, 0xff, 0xff, 0xff, 0xff, 0xff, 0xff, 0xff, 0xfd,
    0x55, 0xfd, 0xff, 0x5d, 0x55, 0x44, 0x44, 0xd5, 0xdd, 0xfd, 0xff, 0x03,
    0xfb, 0xff, 0xff, 0xff, 0xff, 0xff, 0xff, 0xbb, 0xbf, 0xbb, 0xbb, 0xbb,
    0xbb, 0xbb, 0xbb, 0xbb, 0xbb, 0xbb, 0xab, 0xaa, 0xaa, 0xba, 0xbb, 0xaa,
    0x0a, 0x00, 0x00, 0xaa, 0xaa, 0xaa, 0xbb, 0x03, 0xff, 0xff, 0xff, 0xff,
    0xff, 0xff, 0xff, 0xff, 0xff, 0xff, 0xff, 0xff, 0xff, 0xff, 0xff, 0xff,
    0xff, 0xff, 0x7f, 0x77, 0x57, 0xff, 0xff, 0x57, 0x15, 0x11, 0x11, 0x75,
    0x77, 0xff, 0xff, 0x03, 0xee, 0xff, 0xff, 0xff, 0xff, 0xff, 0xff, 0xef,
    0xee, 0xee, 0xee, 0xee, 0xaa, 0xaa, 0xea, 0xee, 0xae, 0xaa, 0xaa, 0xaa,
    0xaa, 0xaa, 0xae, 0x8a, 0x0a, 0x00, 0x00, 0xa8, 0xaa, 0xaa, 0xaa, 0x02,
    0xff, 0xff, 0xff, 0xff, 0xff, 0xff, 0xff, 0xff, 0xff, 0xff, 0xff, 0xff,
    0xff, 0xff, 0xff, 0xff, 0xff, 0xff, 0xdf, 0x55, 0xdd, 0x5f, 0x7f, 0x55,
    0x55, 0x04, 0x40, 0x54, 0xdd, 0xdd, 0xdd, 0x03, 0xfb, 0xff, 0xff, 0xff,
    0xff, 0xff, 0xff, 0xbf, 0xbb, 0xbb, 0xbb, 0xbb, 0xbb, 0xaa, 0xbb, 0xbb,
    0xbb, 0xbb, 0xaa, 0xaa, 0xba, 0xaa, 0xaa, 0xaa, 0x0a, 0x00, 0x00, 0xa0,
    0xaa, 0xaa, 0xaa, 0x02, 0xff, 0xff, 0xff, 0xff, 0xff, 0xff, 0xff, 0xff,
    0xff, 0xff, 0xff, 0xff, 0xff, 0xff, 0xff, 0xff, 0xff, 0xff, 0x77, 0x57,
    0xff, 0x57, 0x7f, 0x55, 0x15, 0x11, 0x10, 0x51, 0x77, 0x77, 0x77, 0x03,
    0xee, 0xff, 0xff, 0xff, 0xff, 0xff, 0xff, 0xef, 0xee, 0xee, 0xee, 0xee,
    0xaa, 0xaa, 0xea, 0xee, 0xae, 0xaa, 0xaa, 0xaa, 0xea, 0xaa, 0xaa, 0xa8,
    0x00, 0x00, 0x00, 0x80, 0xaa, 0xaa, 0xaa, 0x02, 0xff, 0xff, 0xff, 0xff,
    0xff, 0xff, 0xff, 0xff, 0xff, 0xff, 0xff, 0xff, 0xff, 0xff, 0xff, 0xff,
    0xff, 0xff, 0x5d, 0xdd, 0xff, 0xdf, 0x55, 0x55, 0x45, 0x04, 0x00, 0x40,
    0xdd, 0x5d, 0xd5, 0x01, 0xfb, 0xff, 0xff, 0xff, 0xff, 0xff, 0xff, 0xbf,
    0xbb, 0xbb, 0xbb, 0xbb, 0xbb, 0xbb, 0xbb, 0xbb, 0xbb, 0xab, 0xaa, 0xba,
    0xba, 0xbb, 0xaa, 0xaa, 0x00, 0x00, 0x00, 0xa0, 0xaa, 0xaa, 0xaa, 0x02,
    0xff, 0xff, 0xff, 0xff, 0xff, 0xff, 0xff, 0xff, 0xff, 0xff, 0xff, 0xff,
    0xff, 0xff, 0xff, 0xff, 0xff, 0xff, 0x5f, 0xff, 0xff, 0xff, 0x57, 0x55,
    0x15, 0x11, 0x01, 0x51, 0x77, 0x77, 0x77, 0x03, 0xef, 0xff, 0xff, 0xff,
    0xff, 0xff, 0xff, 0xef, 0xee, 0xee, 0xee, 0xee, 0xae, 0xaa, 0xee, 0xee,
    0xaa, 0xaa, 0xaa, 0xea, 0xaa, 0xea, 0xaa, 0xaa, 0x00, 0x00, 0x00, 0x80,
    0xaa, 0xaa, 0xaa, 0x02, 0xff, 0xff, 0xff, 0xff, 0xff, 0xff, 0xff, 0xff,
    0xff, 0xff, 0xff, 0xff, 0xff, 0xff, 0xff, 0xff, 0xff, 0xff, 0xdf, 0xff,
    0xff, 0xff, 0x5f, 0x55, 0x55, 0x45, 0x04, 0x54, 0xdd, 0xdd, 0xdd, 0x01,
    0xbf, 0xff, 0xff, 0xff, 0xff, 0xff, 0xff, 0xbf, 0xbb, 0xbb, 0xbb, 0xbb,
    0xbb, 0xbb, 0xbb, 0xbb, 0xbb, 0xbb, 0xab, 0xba, 0xbb, 0xbb, 0xab, 0xaa,
    0x2a, 0x00, 0x00, 0xaa, 0xaa, 0xaa, 0xaa, 0x02, 0xff, 0xff, 0xff, 0xff,
    0xff, 0xff, 0xff, 0xff, 0xff, 0xff, 0xff, 0xff, 0xff, 0xff, 0xff, 0xff,
    0xff, 0xff, 0xff, 0xff, 0xff, 0xff, 0xff, 0x57, 0x75, 0x15, 0x11, 0x55,
    0x77, 0x77, 0x77, 0x03, 0xef, 0xfe, 0xff, 0xff, 0xff, 0xff, 0xff, 0xff,
    0xee, 0xee, 0xee, 0xee, 0xea, 0xea, 0xee, 0xee, 0xaa, 0xaa, 0xea, 0xaa,
    0xaa, 0xaa, 0xae, 0x8a, 0xaa, 0x00, 0x00, 0xa8, 0xaa, 0xaa, 0xaa, 0x02,
    0xff, 0xff, 0xff, 0xff, 0xff, 0xff, 0xff, 0xff, 0xff, 0xff, 0xff, 0xff,
    0xff, 0xff, 0xff, 0xff, 0xff, 0xff, 0xff, 0xff, 0xff, 0xff, 0xff, 0x55,
    0x55, 0x55, 0x40, 0x55, 0x5d, 0x5d, 0xd5, 0x03, 0xff, 0xff, 0xff, 0xff,
    0xff, 0xff, 0xff, 0xff, 0xbb, 0xbb, 0xbb, 0xbb, 0xbb, 0xbb, 0xbb, 0xbb,
    0xbb, 0xbb, 0xbb, 0xbb, 0xbb, 0xbb, 0xbb, 0xaa, 0xaa, 0x02, 0xa0, 0xaa,
    0xaa, 0xaa, 0xaa, 0x03, 0xff, 0xff, 0xff, 0xff, 0xff, 0xff, 0xff, 0xff,
    0xff, 0xff, 0xff, 0xff, 0xff, 0xff, 0xff, 0xff, 0xff, 0xff, 0xff, 0xff,
    0xff, 0xff, 0xff, 0x7f, 0x55, 0x55, 0x51, 0x75, 0x7f, 0x77, 0xf7, 0x03,
    0xff, 0xff, 0xff, 0xff, 0xff, 0xff, 0xff, 0xff, 0xef, 0xee, 0xee, 0xae,
    0xaa, 0xee, 0xee, 0xae, 0xaa, 0xaa, 0xaa, 0xaa, 0xaa, 0xaa, 0xaa, 0xaa,
    0x8a, 0x0a, 0x80, 0xaa, 0xaa, 0xaa, 0xaa, 0x02, 0xff, 0xff, 0xff, 0xff,
    0xff, 0xff, 0xff, 0xff, 0xff, 0xff, 0xff, 0xff, 0xff, 0xff, 0xff, 0xff,
    0xff, 0xff, 0xff, 0xff, 0xff, 0xff, 0xff, 0xff, 0x55, 0x55, 0x55, 0xdd,
    0xdd, 0xfd, 0xff, 0x03, 0xff, 0xff, 0xff, 0xff, 0xff, 0xff, 0xff, 0xff,
    0xbf, 0xfb, 0xbb, 0xbb, 0xbb, 0xbb, 0xbb, 0xbb, 0xbb, 0xbb, 0xbb, 0xbb,
    0xbb, 0xbb, 0xbb, 0xbb, 0xaa, 0xaa, 0xaa, 0xaa, 0xaa, 0xaa, 0xab, 0x03,
    0xff, 0xff, 0xff, 0xff, 0xff, 0xff, 0xff, 0xff, 0xff, 0xff, 0xff, 0xff,
    0xff, 0xff, 0xff, 0xff, 0xff, 0xff, 0xff, 0xff, 0xff, 0xff, 0xff, 0xff,
    0x57, 0x55, 0x55, 0x7f, 0xf7, 0xff, 0xff, 0x03, 0xff, 0xff, 0xff, 0xff,
    0xff, 0xff, 0xff, 0xff, 0xff, 0xee, 0xee, 0xaa, 0xaa, 0xee, 0xae, 0xaa,
    0xaa, 0xaa, 0xaa, 0xaa, 0xaa, 0xaa, 0xaa, 0xaa, 0x8a, 0xa8, 0xaa, 0xaa,
    0xaa, 0xaa, 0xaa, 0x02, 0xff, 0xff, 0xff, 0xff, 0xff, 0xff, 0xff, 0xff,
    0xff, 0xff, 0xff, 0xff, 0xff, 0xff, 0xff, 0xff, 0xfd, 0xff, 0xff, 0xff,
    0xff, 0xff, 0xff, 0xff, 0x55, 0x55, 0xd5, 0x5d, 0xdd, 0xfd, 0xff, 0x03,
    0xff, 0xff, 0xff, 0xff, 0xff, 0xff, 0xff, 0xff, 0xff, 0xff, 0xbb, 0xbb,
    0xbb, 0xbb, 0xbb, 0xab, 0xaa, 0xbb, 0xbb, 0xbb, 0xbb, 0xbb, 0xbb, 0xbb,
    0xaa, 0xaa, 0xaa, 0xaa, 0xaa, 0xaa, 0xaa, 0x03, 0xff, 0xff, 0xff, 0xff,
    0xff, 0xff, 0xff, 0xff, 0xff, 0xff, 0xff, 0xff, 0xff, 0xff, 0xff, 0xff,
    0xff, 0xff, 0xff, 0xff, 0xff, 0xff, 0xff, 0x7f, 0x55, 0x55, 0xf5, 0x77,
    0x77, 0xf7, 0xff, 0x03, 0xef, 0xff, 0xff, 0xff, 0xff, 0xff, 0xff, 0xff,
    0xff, 0xff, 0xaf, 0xaa, 0xea, 0xee, 0xae, 0xaa, 0xaa, 0xaa, 0xaa, 0xaa,
    0xaa, 0xaa, 0xaa, 0xaa, 0xaa, 0xaa, 0xaa, 0xaa, 0xaa, 0xaa, 0xaa, 0x02,
    0xff, 0xff, 0xff, 0xff, 0xff, 0xff, 0xff, 0xff, 0xff, 0xff, 0xff, 0xff,
    0xff, 0xff, 0xff, 0xff, 0x5f, 0xfd, 0xff, 0xff, 0xff, 0xff, 0xff, 0xff,
    0x55, 0x55, 0x5f, 0xdd, 0xd5, 0xdd, 0xfd, 0x03, 0xfb, 0xff, 0xff, 0xff,
    0xff, 0xff, 0xff, 0xff, 0xff, 0xff, 0xbf, 0xba, 0xbb, 0xbb, 0xbb, 0xbb,
    0xab, 0xba, 0xbb, 0xbb, 0xbb, 0xbb, 0xbb, 0xaa, 0xaa, 0xaa, 0xbe, 0xaa,
    0xaa, 0xaa, 0xaa, 0x03, 0xff, 0xff, 0xff, 0xff, 0xff, 0xff, 0xff, 0xff,
    0xff, 0xff, 0xff, 0xff, 0xff, 0xff, 0xff, 0xff, 0x7f, 0xff, 0xff, 0xff,
    0xff, 0xff, 0xff, 0xff, 0xff, 0xff, 0x7f, 0xf7, 0x77, 0x77, 0xff, 0x03,
    0xee, 0xff, 0xff, 0xff, 0xff, 0xff, 0xff, 0xff, 0xff, 0xff, 0xef, 0xae,
    0xea, 0xee, 0xee, 0xaa, 0xae, 0xaa, 0xaa, 0xaa, 0xaa, 0xaa, 0xaa, 0xaa,
    0xaa, 0xaa, 0xae, 0xaa, 0xaa, 0xaa, 0xaa, 0x02, 0xff, 0xff, 0xff, 0xff,
    0xff, 0xff, 0xff, 0xff, 0xff, 0xff, 0xff, 0xff, 0xff, 0xff, 0xff, 0xff,
    0xdf, 0xff, 0xff, 0xff, 0xff, 0xff, 0xff, 0xff, 0xff, 0xff, 0xff, 0xdd,
    0xdd, 0xdd, 0xdd, 0x03, 0xfb, 0xff, 0xff, 0xff, 0xff, 0xff, 0xff, 0xff,
    0xff, 0xff, 0xff, 0xbf, 0xbb, 0xbb, 0xbb, 0xbb, 0xbb, 0xba, 0xbb, 0xbb,
    0xbb, 0xbb, 0xbb, 0xab, 0xff, 0xff, 0xff, 0xab, 0xaa, 0xaa, 0xaa, 0x02,
    0xff, 0xff, 0xff, 0xff, 0xff, 0xff, 0xff, 0xff, 0xff, 0xff, 0xff, 0xff,
    0xff, 0xff, 0xff, 0xff, 0xff, 0xff, 0xff, 0xff, 0xff, 0xff, 0xff, 0xff,
    0xff, 0xff, 0xff, 0x77, 0x7f, 0x77, 0xf7, 0x03, 0xee, 0xfe, 0xff, 0xff,
    0xff, 0xff, 0xff, 0xff, 0xff, 0xff, 0xff, 0xef, 0xea, 0xea, 0xee, 0xae,
    0xea, 0xaa, 0xaa, 0xaa, 0xaa, 0xaa, 0xee, 0xee, 0xfe, 0xff, 0xff, 0xaa,
    0xaa, 0xaa, 0xaa, 0x02, 0xff, 0xff, 0xff, 0xff, 0xff, 0xff, 0xff, 0xff,
    0xff, 0xff, 0xff, 0xff, 0xff, 0xff, 0xff, 0xff, 0xff, 0xff, 0xff, 0xff,
    0xff, 0xff, 0xff, 0xff, 0xff, 0xff, 0xff, 0xd5, 0xff, 0x55, 0xf5, 0x03,
    0xbb, 0xff, 0xff, 0xff, 0xff, 0xff, 0xff, 0xff, 0xff, 0xff, 0xff, 0xbf,
    0xbb, 0xbb, 0xbb, 0xbb, 0xbb, 0xbb, 0xbb, 0xbb, 0xbb, 0xab, 0xff, 0xff,
    0xff, 0xff, 0xff, 0xab, 0xaa, 0xaa, 0xea, 0x03, 0xff, 0xff, 0xff, 0xff,
    0xff, 0xff, 0xff, 0xff, 0xff, 0xff, 0xff, 0xff, 0xff, 0xff, 0xff, 0xff,
    0xff, 0xff, 0xff, 0xff, 0xff, 0xff, 0xff, 0xff, 0xff, 0xff, 0xff, 0x77,
    0xff, 0x77, 0xff, 0x03, 0xae, 0xfe, 0xff, 0xff, 0xff, 0xff, 0xff, 0xfe,
    0xff, 0xff, 0xff, 0xff, 0xee, 0xea, 0xee, 0xae, 0xaa, 0xaa, 0xaa, 0xea,
    0xee, 0xee, 0xfe, 0xff, 0xff, 0xff, 0xff, 0xaa, 0xaa, 0xaa, 0xea, 0x03,
    0xff, 0xff, 0xff, 0xff, 0xff, 0xff, 0xff, 0xff, 0xff, 0xff, 0xff, 0xff,
    0xff, 0xff, 0xff, 0xff, 0xff, 0xff, 0xff, 0xff, 0xff, 0xff, 0xff, 0xff,
    0xff, 0xff, 0xff, 0x5f, 0xfd, 0xdf, 0xff, 0x03, 0xfb, 0xff, 0xff, 0xff,
    0xff, 0xff, 0xbf, 0xff, 0xff, 0xff, 0xff, 0xff, 0xbb, 0xbb, 0xfb, 0xbf,
    0xba, 0xbb, 0xbb, 0xfb, 0xff, 0xff, 0xff, 0xff, 0xff, 0xff, 0xff, 0xbf,
    0xaa, 0xaa, 0xff, 0x03, 0xff, 0xff, 0xff, 0xff, 0xff, 0xff, 0xff, 0xff,
    0xff, 0xff, 0xff, 0xff, 0xff, 0xff, 0xff, 0xff, 0xff, 0xff, 0xff, 0xff,
    0xff, 0xff, 0xff, 0xff, 0xff, 0xff, 0xff, 0x7f, 0xf7, 0xff, 0xff, 0x03,
    0xee, 0xff, 0xff, 0xff, 0xff, 0xff, 0xef, 0xee, 0xfe, 0xff, 0xff, 0xff,
    0xef, 0xee, 0xee, 0xef, 0xaa, 0xaa, 0xaa, 0xee, 0xff, 0xff, 0xff, 0xff,
    0xff, 0xff, 0xff, 0xaf, 0xaa, 0xea, 0xfe, 0x03, 0xff, 0xff, 0xff, 0xff,
    0xff, 0xff, 0xff, 0xff, 0xff, 0xff, 0xff, 0xff, 0xff, 0xff, 0xff, 0xff,
    0xff, 0xff, 0xff, 0xff, 0xff, 0xff, 0xff, 0xff, 0xff, 0xff, 0xff, 0xff,
    0xd5, 0xfd, 0xff, 0x03, 0xff, 0xff, 0xff, 0xff, 0xff, 0xff, 0xbb, 0xbb,
    0xff, 0xff, 0xff, 0xff, 0xff, 0xfb, 0xff, 0xff, 0xab, 0xbb, 0xbb, 0xff,
    0xff, 0xff, 0xff, 0xff, 0xff, 0xff, 0xff, 0xff, 0xab, 0xfa, 0xff, 0x03,
    0xff, 0xff, 0xff, 0xff, 0xff, 0xff, 0xff, 0xff, 0xff, 0xff, 0xff, 0xff,
    0xff, 0xff, 0xff, 0xff, 0xff, 0xff, 0xff, 0xff, 0xff, 0xff, 0xff, 0xff,
    0xff, 0xff, 0xff, 0xff, 0x77, 0xff, 0xff, 0x03, 0xff, 0xff, 0xff, 0xff,
    0xff, 0xff, 0xee, 0xae, 0xee, 0xff, 0xff, 0xff, 0xff, 0xee, 0xff, 0xff,
    0xee, 0xaa, 0xea, 0xfe, 0xff, 0xff, 0xff, 0xff, 0xff, 0xff, 0xff, 0xff,
    0xaa, 0xea, 0xff, 0x03, 0xff, 0xff, 0xff, 0xff, 0xff, 0xff, 0xff, 0xff,
    0xff, 0xff, 0xff, 0xff, 0xff, 0xff, 0xff, 0xff, 0xff, 0xff, 0xff, 0xff,
    0xff, 0xff, 0xff, 0xff, 0xff, 0xff, 0xff, 0xff, 0xff, 0xff, 0xff, 0x03,
    0xff, 0xff, 0xff, 0xff, 0xff, 0xff, 0xbf, 0xbb, 0xfb, 0xff, 0xff, 0xff,
    0xff, 0xff, 0xff, 0xff, 0xff, 0xab, 0xfa, 0xff, 0xff, 0xff, 0xff, 0xff,
    0xff, 0xff, 0xff, 0xff, 0xff, 0xff, 0xff, 0x03, 0xff, 0xff, 0xff, 0xff,
    0xff, 0xff, 0xff, 0xff, 0xff, 0xff, 0xff, 0xff, 0xff, 0xff, 0xff, 0xff,
    0xff, 0xff, 0xff, 0xff, 0xff, 0xff, 0xff, 0xff, 0xff, 0xff, 0xff, 0xff,
    0xff, 0xff, 0xff, 0x03, 0xff, 0xff, 0xff, 0xff, 0xff, 0xff, 0xff, 0xee,
    0xea, 0xff, 0xff, 0xff, 0xff, 0xff, 0xff, 0xff, 0xff, 0xee, 0xee, 0xff,
    0xff, 0xff, 0xff, 0xff, 0xff, 0xff, 0xff, 0xff, 0xff, 0xff, 0xff, 0x03,
    0xff, 0xff, 0xff, 0xff, 0xff, 0xff, 0xff, 0xff, 0xff, 0xff, 0xff, 0xff,
    0xff, 0xff, 0xff, 0xff, 0xff, 0xff, 0xff, 0xff, 0xff, 0xff, 0xff, 0xff,
    0xff, 0xff, 0xff, 0xff, 0xff, 0xff, 0xff, 0x03, 0xff, 0xff, 0xff, 0xff,
    0xff, 0xff, 0xff, 0xbb, 0xff, 0xff, 0xff, 0xff, 0xff, 0xff, 0xff, 0xff,
    0xff, 0xff, 0xff, 0xff, 0xff, 0xff, 0xff, 0xff, 0xff, 0xff, 0xff, 0xff,
    0xff, 0xff, 0xff, 0x03, 0xff, 0xff, 0xff, 0xff, 0xff, 0xff, 0xff, 0xff,
    0xff, 0xff, 0xff, 0xff, 0xff, 0xff, 0xff, 0xff, 0xff, 0xff, 0xff, 0xff,
    0xff, 0xff, 0xff, 0xff, 0xff, 0xff, 0xff, 0xff, 0xff, 0xff, 0xff, 0x03,
    0xff, 0xff, 0xff, 0xff, 0xff, 0xff, 0xff, 0xef, 0xfe, 0xff, 0xff, 0xff,
    0xff, 0xff, 0xff, 0xff, 0xff, 0xff, 0xff, 0xff, 0xff, 0xff, 0xff, 0xff,
    0xff, 0xff, 0xff, 0xff, 0xff, 0xff, 0xff, 0x03, 0xff, 0xff, 0xff, 0xff,
    0xff, 0xff, 0xff, 0xff, 0xff, 0xff, 0xff, 0xff, 0xff, 0xff, 0xff, 0xff,
    0xff, 0xff, 0xff, 0xff, 0xff, 0xff, 0xff, 0xff, 0xff, 0xff, 0xff, 0xff,
    0xff, 0xff, 0xff, 0x03, 0xff, 0xff, 0xff, 0xff, 0xff, 0xff, 0xff, 0xff,
    0xff, 0xff, 0xff, 0xff, 0xff, 0xff, 0xff, 0xff, 0xff, 0xff, 0xff, 0xff,
    0xff, 0xff, 0xff, 0xff, 0xff, 0xff, 0xff, 0xff, 0xff, 0xff, 0xff, 0x03,
    0xff, 0xff, 0xff, 0xff, 0xff, 0xff, 0xff, 0xff, 0xff, 0xff, 0xff, 0xff,
    0xff, 0xff, 0xff, 0xff, 0xff, 0xff, 0xff, 0xff, 0xff, 0xff, 0xff, 0xff,
    0xff, 0xff, 0xff, 0xff, 0xff, 0xff, 0xff, 0x03, 0xff, 0xff, 0xff, 0xff,
    0xff, 0xff, 0xff, 0xff, 0xff, 0xff, 0xff, 0xff, 0xff, 0xff, 0xff, 0xff,
    0xff, 0xff, 0xff, 0xff, 0xff, 0xff, 0xff, 0xff, 0xff, 0xff, 0xff, 0xff,
    0xff, 0xff, 0xff, 0x03, 0xff, 0xff, 0xff, 0xff, 0xff, 0xff, 0xff, 0xff,
    0xff, 0xff, 0xff, 0xff, 0xff, 0xff, 0xff, 0xff, 0xff, 0xff, 0xff, 0xff,
    0xff, 0xff, 0xff, 0xff, 0xff, 0xff, 0xff, 0xff, 0xff, 0xff, 0xff, 0x03,
    0xff, 0xff, 0xff, 0xff, 0xff, 0xff, 0xff, 0xff, 0xff, 0xff, 0xff, 0xff,
    0xff, 0xff, 0xff, 0xff, 0xff, 0xff, 0xff, 0xff, 0xff, 0xff, 0xff, 0xff,
    0xff, 0xff, 0xff, 0xff, 0xff, 0xff, 0xff, 0x03, 0xff, 0xff, 0xff, 0xff,
    0xff, 0xff, 0xff, 0xff, 0xff, 0xff, 0xff, 0xff, 0xff, 0xff, 0xff, 0xff,
    0xff, 0xff, 0xff, 0xff, 0xff, 0xff, 0xff, 0xff, 0xff, 0xff, 0xff, 0xff,
    0xff, 0xff, 0xff, 0x03, 0xff, 0xff, 0xff, 0xff, 0xff, 0xff, 0xff, 0xff,
    0xff, 0xff, 0xff, 0xff, 0xff, 0xff, 0xff, 0xff, 0xff, 0xff, 0xff, 0xff,
    0xff, 0xff, 0xff, 0xff, 0xff, 0xff, 0xff, 0xff, 0xff, 0xff, 0xff, 0x03,
    0xff, 0xff, 0xff, 0xff, 0xff, 0xff, 0xff, 0xff, 0xff, 0xff, 0xff, 0xff,
    0xff, 0xff, 0xff, 0xff, 0xff, 0xff, 0xff, 0xff, 0xff, 0xff, 0xff, 0xff,
    0xff, 0xff, 0xff, 0xff, 0xff, 0xff, 0xff, 0x03, 0xff, 0xff, 0xff, 0xff,
    0xff, 0xff, 0xff, 0xff, 0xff, 0xff, 0xff, 0xff, 0xff, 0xff, 0xff, 0xff,
    0xff, 0xff, 0xff, 0xff, 0xff, 0xff, 0xff, 0xff, 0xff, 0xff, 0xff, 0xff,
    0xff, 0xff, 0xff, 0x03, 0xff, 0xff, 0xff, 0xff, 0xff, 0xff, 0xff, 0xff,
    0xff, 0xff, 0xff, 0xff, 0xff, 0xff, 0xff, 0xff, 0xff, 0xff, 0xff, 0xff,
    0xff, 0xff, 0xff, 0xff, 0xff, 0xff, 0xff, 0xff, 0xff, 0xff, 0xff, 0x03,
    0xff, 0xff, 0xff, 0xff, 0xff, 0xff, 0xff, 0xff, 0xff, 0xff, 0xff, 0xff,
    0xff, 0xff, 0xff, 0xff, 0xff, 0xff, 0xff, 0xff, 0xff, 0xff, 0xff, 0xff,
    0xff, 0xff, 0xff, 0xff, 0xff, 0xff, 0xff, 0x03, 0xff, 0xff, 0xff, 0xff,
    0xff, 0xff, 0xff, 0xff, 0xff, 0xff, 0xff, 0xff, 0xff, 0xff, 0xff, 0xff,
    0xff, 0xff, 0xff, 0xff, 0xff, 0xff, 0xff, 0xff, 0xff, 0xff, 0xff, 0xff,
    0xff, 0xff, 0xff, 0x03,
  },
  {
    /* frame 1 */
    0xff, 0xff, 0xff, 0xff, 0xff, 0xff, 0xff, 0xff, 0xff, 0xff, 0xff, 0xff,
    0xff, 0xff, 0xff, 0xff, 0xff, 0xff, 0xff, 0xff, 0xff, 0xff, 0xff, 0xff,
    0xff, 0xff, 0xff, 0xff, 0xff, 0xff, 0xff, 0x03, 0xff, 0xff, 0xff, 0xff,
    0xff, 0xff, 0xff, 0xff, 0xff, 0xff, 0xff, 0xff, 0xff, 0xff, 0xff, 0xff,
    0xff, 0xff, 0xff, 0xff, 0xff, 0xff, 0xff, 0xff, 0xff, 0xff, 0xff, 0xff,
    0xff, 0xff, 0xff, 0x03, 0xff, 0xff, 0xff, 0xff, 0xff, 0xff, 0xff, 0xff,
    0xff, 0xff, 0xff, 0xff, 0xff, 0xff, 0xff, 0xff, 0xff, 0xff, 0xff, 0xff,
    0xff, 0xff, 0xff, 0xff, 0xff, 0xff, 0xff, 0xff, 0xff, 0xff, 0xff, 0x03,
    0xff, 0xff, 0xff, 0xff, 0xff, 0xff, 0xff, 0xff, 0xff, 0xff, 0xff, 0xff,
    0xff, 0xff, 0xff, 0xff, 0xff, 0xff, 0xff, 0xff, 0xff, 0xff, 0xff, 0xff,
    0xff, 0xff, 0xff, 0xff, 0xff, 0xff, 0xff, 0x03, 0xff, 0xff, 0xff, 0xff,
    0xff, 0xff, 0xff, 0xff, 0xff, 0xff, 0xff, 0xff, 0xff, 0xff, 0xff, 0xff,
    0xff, 0xff, 0xff, 0xff, 0xff, 0xff, 0xff, 0xff, 0xff, 0xff, 0xff, 0xff,
    0xff, 0xff, 0xff, 0x03, 0xff, 0xff, 0xff, 0xff, 0xff, 0xff, 0xff, 0xff,
    0xff, 0xff, 0xff, 0xff, 0xff, 0xff, 0xff, 0xff, 0xff, 0xff, 0xff, 0xff,
    0xff, 0xff, 0xff, 0xff, 0xff, 0xff, 0xff, 0xff, 0xff, 0xff, 0xff, 0x03,
    0xff, 0xff, 0xff, 0xff, 0xff, 0xff, 0xff, 0xff, 0xff, 0xff, 0xff, 0xff,
    0xff, 0xff, 0xff, 0xff, 0xff, 0xff, 0xff, 0xff, 0xff, 0xff, 0xff, 0xff,
    0xff, 0xff, 0xff, 0xff, 0xff, 0xff, 0xff, 0x03, 0xff, 0xff, 0xff, 0xff,
    0xff, 0xff, 0xff, 0xff, 0xff, 0xff, 0xff, 0xff, 0xff, 0xff, 0xff, 0xff,
    0xff, 0xff, 0xff, 0xff, 0xff, 0xff, 0xff, 0xff, 0xff, 0xff, 0xff, 0xff,
    0xff, 0xff, 0xff, 0x03, 0xff, 0xff, 0xff, 0xff, 0xff, 0xff, 0xff, 0xff,
    0xff, 0xff, 0xef, 0xff, 0xff, 0xff, 0xff, 0xff, 0xff, 0xff, 0xff, 0xff,
    0xff, 0xff, 0xff, 0xff, 0xff, 0xff, 0xff, 0xff, 0xff, 0xff, 0xff, 0x03,
    0xff, 0xff, 0xff, 0xff, 0xff, 0xff, 0xff, 0xff, 0xff, 0xff, 0xff, 0xff,
    0xff, 0xff, 0xff, 0xff, 0xff, 0xff, 0xff, 0xff, 0xff, 0xff, 0xff, 0xff,
    0xff, 0xff, 0xff, 0xff, 0xff, 0xff, 0xff, 0x03, 0xff, 0xff, 0xff, 0xff,
    0xff, 0xff, 0xff, 0xff, 0xff, 0xff, 0xbb, 0xff, 0xff, 0xff, 0xff, 0xff,
    0xff, 0xff, 0xff, 0xff, 0xff, 0xff, 0xff, 0xff, 0xff, 0xff, 0xff, 0xff,
    0xff, 0xff, 0xff, 0x03, 0xff, 0xff, 0xff, 0xff, 0xff, 0xff, 0xff, 0xff,
    0xff, 0xff, 0xff, 0xff, 0xff, 0xff, 0xff, 0xff, 0xff, 0xff, 0xff, 0xff,
    0xff, 0xff, 0xff, 0xff, 0xff, 0xff, 0xff, 0xff, 0xff, 0xff, 0xff, 0x03,
    0xff, 0xff, 0xff, 0xff, 0xff, 0xff, 0xff, 0xff, 0xff, 0xff, 0xae, 0xfe,
    0xff, 0xff, 0xff, 0xff, 0xff, 0xff, 0xff, 0xff, 0xff, 0xff, 0xff, 0xff,
    0xff, 0xff, 0xff, 0xff, 0xff, 0xff, 0xff, 0x03, 0xff, 0xff, 0xff, 0xff,
    0xff, 0xff, 0xff, 0xff, 0xff, 0xff, 0xff, 0xff, 0xff, 0xff, 0xff, 0xff,
    0xff, 0xff, 0xff, 0xff, 0xff, 0xff, 0xff, 0xff, 0xff, 0xff, 0xff, 0xff,
    0xff, 0xff, 0xff, 0x03, 0xff, 0xff, 0xff, 0xff, 0xff, 0xff, 0xff, 0xff,
    0xff, 0xbf, 0xbb, 0xff, 0xff, 0xff, 0xff, 0xff, 0xff, 0xff, 0xff, 0xff,
    0xff, 0xff, 0xff, 0xff, 0xff, 0xff, 0xff, 0xff, 0xff, 0xff, 0xff, 0x03,
    0xff, 0xff, 0xff, 0xff, 0xff, 0xff, 0xff, 0xff, 0xff, 0xff, 0xff, 0xff,
    0xff, 0xff, 0xff, 0xff, 0xff, 0xff, 0xff, 0xff, 0xff, 0xff, 0xff, 0xff,
    0xff, 0xff, 0xff, 0xff, 0xff, 0xff, 0xff, 0x03, 0xff, 0xff, 0xff, 0xff,
    0xff, 0xef, 0xff, 0xff, 0xff, 0xee, 0xee, 0xfe, 0xff, 0xff, 0xff, 0xff,
    0xff, 0xff, 0xff, 0xff, 0xff, 0xff, 0xff, 0xff, 0xff, 0xff, 0xff, 0xff,
    0xff, 0xff, 0xff, 0x03, 0xff, 0xff, 0xff, 0xff, 0xff, 0xff, 0xff, 0xff,
    0xff, 0xff, 0xff, 0xff, 0xff, 0xff, 0xff, 0xff, 0xff, 0xff, 0xff, 0xff,
    0xff, 0xff, 0xff, 0xff, 0xff, 0xff, 0xff, 0xff, 0xff, 0xff, 0xff, 0x03,
    0xff, 0xff, 0xff, 0xff, 0xff, 0xbb, 0xff, 0xff, 0xbf, 0xbb, 0xbb, 0xfb,
    0xff, 0xff, 0xff, 0xff, 0xff, 0xff, 0xff, 0xff, 0xff, 0xff, 0xff, 0xff,
    0xff, 0xff, 0xff, 0xff, 0xff, 0xff, 0xff, 0x03, 0xff, 0xff, 0xff, 0xff,
    0xff, 0xff, 0xff, 0xff, 0xff, 0xff, 0xff, 0xff, 0xff, 0xff, 0xff, 0xff,
    0xff, 0xff, 0xff, 0xff, 0xff, 0xff, 0xff, 0xff, 0xff, 0xff, 0xff, 0xff,
    0xff, 0xff, 0xff, 0x03, 0xff, 0xff, 0xff, 0xff, 0xff, 0xae, 0xfe, 0xff,
    0xef, 0xee, 0xee, 0xee, 0xff, 0xff, 0xff, 0xff, 0xff, 0xff, 0xff, 0xff,
    0xff, 0xff, 0xff, 0xff, 0xff, 0xff, 0xff, 0xff, 0xef, 0xee, 0xfe, 0x03,
    0xff, 0xff, 0xff, 0xff, 0xff, 0xff, 0xff, 0xff, 0xff, 0xff, 0xff, 0xff,
    0xff, 0xff, 0xff, 0xff, 0xff, 0xff, 0xff, 0xff, 0xff, 0xff, 0xff, 0xff,
    0xff, 0xff, 0xff, 0xff, 0xff, 0xff, 0xff, 0x03, 0xff, 0xff, 0xff, 0xff,
    0xbf, 0xbb, 0xfb, 0xff, 0xbb, 0xbb, 0xbb, 0xbb, 0xff, 0xff, 0xff, 0xff,
    0xff, 0xff, 0xff, 0xff, 0xff, 0xff, 0xff, 0xff, 0xff, 0xff, 0xff, 0xff,
    0xbf, 0xaa, 0xff, 0x03, 0xff, 0xff, 0xff, 0xff, 0xff, 0xff, 0xff, 0xff,
    0xff, 0xff, 0xff, 0xff, 0xff, 0xff, 0xff, 0xff, 0xff, 0xff, 0xff, 0xff,
    0xff, 0xff, 0xff, 0xff, 0xff, 0xff, 0xff, 0xff, 0x7f, 0xf7, 0xff, 0x03,
    0xff, 0xff, 0xff, 0xff, 0xef, 0xee, 0xee, 0xff, 0xee, 0xee, 0xee, 0xae,
    0xfe, 0xff, 0xff, 0xff, 0xff, 0xff, 0xff, 0xef, 0xee, 0xff, 0xff, 0xff,
    0xff, 0xff, 0xff, 0xff, 0xaf, 0xaa, 0xfe, 0x03, 0xff, 0xff, 0xff, 0xff,
    0xff, 0xff, 0xff, 0xff, 0xff, 0xff, 0xff, 0xff, 0xff, 0xff, 0xff, 0xff,
    0xff, 0xff, 0xff, 0xff, 0xff, 0xff, 0xff, 0xff, 0xff, 0xff, 0xff, 0xff,
    0x5f, 0xd5, 0xff, 0x03, 0xff, 0xff, 0xff, 0xff, 0xbb, 0xfb, 0xff, 0xbf,
    0xbb, 0xbb, 0xbb, 0xbb, 0xfb, 0xff, 0xff, 0xff, 0xff, 0xff, 0xff, 0xbb,
    0xfb, 0xff, 0xff, 0xff, 0xff, 0xff, 0xff, 0xff, 0xab, 0xaa, 0xff, 0x03,
    0xff, 0xff, 0xff, 0xff, 0xff, 0xff, 0xff, 0xff, 0xff, 0xff, 0xff, 0xff,
    0xff, 0xff, 0xff, 0xff, 0xff, 0xff, 0xff, 0xff, 0xff, 0xff, 0xff, 0xff,
    0xff, 0xff, 0xff, 0xff, 0x77, 0xf7, 0xff, 0x03, 0xff, 0xff, 0xff, 0xff,
    0xee, 0xee, 0xff, 0xef, 0xee, 0xee, 0xee, 0xae, 0xea, 0xff, 0xff, 0xff,
    0xff, 0xff, 0xef, 0xaa, 0xea, 0xee, 0xfe, 0xff, 0xff, 0xff, 0xff, 0xee,
    0xaa, 0xaa, 0xfe, 0x03, 0xff, 0xff, 0xff, 0xff, 0xff, 0xff, 0xff, 0xff,
    0xff, 0xff, 0xff, 0xff, 0xff, 0xff, 0xff, 0xff, 0xff, 0xff, 0xff, 0xff,
    0xff, 0xff, 0xff, 0xff, 0xff, 0xff, 0xff, 0xff, 0xd5, 0xfd, 0xff, 0x03,
    0xff, 0xff, 0xff, 0xff, 0xbb, 0xff, 0xff, 0xbf, 0xbb, 0xbb, 0xbb, 0xbb,
    0xfa, 0xff, 0xff, 0xff, 0xff, 0xff, 0xbb, 0xbb, 0xbb, 0xbb, 0xff, 0xff,
    0xff, 0xff, 0xff, 0xab, 0xaa, 0xaa, 0xff, 0x03, 0xff, 0xff, 0xff, 0xff,
    0xff, 0xff, 0xff, 0xff, 0xff, 0xff, 0xff, 0xff, 0xff, 0xff, 0xff, 0xff,
    0xff, 0xff, 0xff, 0xff, 0xff, 0xff, 0xff, 0xff, 0xff, 0xff, 0xff, 0x77,
    0x77, 0xff, 0xff, 0x03, 0xff, 0xff, 0xff, 0xff, 0xee, 0xfe, 0xff, 0xef,
    0xee, 0xee, 0xee, 0xae, 0xea, 0xff, 0xff, 0xff, 0xff, 0xff, 0xaa, 0xaa,
    0xaa, 0xaa, 0xee, 0xfe, 0xee, 0xff, 0xff, 0xaa, 0xaa, 0xaa, 0xee, 0x02,
    0xff, 0xff, 0xff, 0xff, 0xff, 0xff, 0xff, 0xff, 0xff, 0xff, 0xff, 0xff,
    0xff, 0xff, 0xff, 0xff, 0xff, 0xff, 0xff, 0xff, 0xff, 0xff, 0xff, 0xff,
    0xff, 0xff, 0xff, 0x55, 0xdd, 0xdd, 0xff, 0x03, 0xff, 0xff, 0xff, 0xff,
    0xbb, 0xff, 0xff, 0xbb, 0xbb, 0xbb, 0xbb, 0xbb, 0xfa, 0xff, 0xff, 0xff,
    0xff, 0xbf, 0xbb, 0xbb, 0xbb, 0xbb, 0xbb, 0xff, 0xeb, 0xff, 0xbf, 0xaa,
    0xaa, 0xaa, 0xaa, 0x03, 0xff, 0xff, 0xff, 0xff, 0xff, 0xff, 0xff, 0xff,
    0xff, 0xff, 0xff, 0xff, 0xff, 0xff, 0xff, 0xff, 0xff, 0xff, 0xff, 0xff,
    0xff, 0xff, 0xff, 0xff, 0xff, 0xff, 0x7f, 0x77, 0xf7, 0x77, 0xf7, 0x03,
    0xff, 0xff, 0xff, 0xff, 0xee, 0xfe, 0xff, 0xee, 0xee, 0xee, 0xee, 0xae,
    0xea, 0xef, 0xff, 0xff, 0xff, 0xaf, 0xaa, 0xaa, 0xee, 0xaa, 0xaa, 0xfe,
    0xaa, 0xea, 0xae, 0xaa, 0xaa, 0xaa, 0xaa, 0x02, 0xff, 0xff, 0xff, 0xff,
    0xff, 0xff, 0xff, 0xff, 0xff, 0xff, 0xff, 0xff, 0xff, 0xff, 0xff, 0xff,
    0xff, 0xff, 0xff, 0xfd, 0xff, 0xff, 0xff, 0xff, 0x5f, 0xfd, 0x5f, 0xdd,
    0xdd, 0x5d, 0xd5, 0x03, 0xff, 0xff, 0xff, 0xff, 0xbb, 0xff, 0xff, 0xbb,
    0xbb, 0xbb, 0xbb, 0xbb, 0xfa, 0xbb, 0xff, 0xff, 0xff, 0xbb, 0xab, 0xaa,
    0xbb, 0xbb, 0xbb, 0xfb, 0xaf, 0xaa, 0xaa, 0xaa, 0xaa, 0xaa, 0xaa, 0x03,
    0xff, 0xff, 0xff, 0xff, 0xff, 0xff, 0xff, 0xff, 0xff, 0xff, 0xff, 0xff,
    0xff, 0xff, 0xff, 0xff, 0xff, 0xff, 0x7f, 0xff, 0xff, 0xff, 0xff, 0xff,
    0x7f, 0x75, 0x77, 0x77, 0x7f, 0x77, 0xf7, 0x03, 0xff, 0xff, 0xff, 0xff,
    0xee, 0xfe, 0xff, 0xee, 0xee, 0xee, 0xee, 0xaa, 0xee, 0xae, 0xee, 0xfe,
    0xef, 0xaa, 0xaa, 0xaa, 0xaa, 0xaa, 0xea, 0xea, 0xaf, 0xa8, 0xaa, 0xaa,
    0xaa, 0xaa, 0xaa, 0x02, 0xff, 0xff, 0xff, 0xff, 0xff, 0xff, 0xff, 0xff,
    0xff, 0xff, 0xff, 0xff, 0xff, 0xff, 0xff, 0xff, 0xff, 0xff, 0xff, 0xfd,
    0x55, 0xdd, 0xff, 0xff, 0xff, 0x55, 0xdd, 0xdd, 0xdd, 0xdd, 0xdd, 0x03,
    0xff, 0xff, 0xff, 0xff, 0xbb, 0xff, 0xff, 0xbb, 0xbb, 0xbb, 0xbb, 0xab,
    0xbf, 0xbb, 0xbb, 0xfb, 0xbb, 0xbb, 0xbb, 0xaa, 0xa2, 0xaa, 0xba, 0xab,
    0xff, 0xaa, 0xaa, 0xaa, 0xaa, 0xaa, 0xaa, 0x03, 0xff, 0xff, 0xff, 0xff,
    0xff, 0xff, 0xff, 0xff, 0xff, 0xff, 0xff, 0xff, 0xff, 0xff, 0xff, 0xff,
    0xff, 0xff, 0xff, 0x7f, 0x51, 0xf5, 0xff, 0x7f, 0xff, 0x57, 0x7f, 0xf7,
    0x77, 0x77, 0xf7, 0x03, 0xff, 0xff, 0xff, 0xff, 0xee, 0xfe, 0xff, 0xee,
    0xee, 0xee, 0xee, 0xaa, 0xee, 0xee, 0xee, 0xea, 0xae, 0xaa, 0xaa, 0xaa,
    0x80, 0xa8, 0xaa, 0xaa, 0xea, 0x8a, 0xaa, 0xaa, 0xaa, 0xaa, 0xaa, 0x02,
    0xff, 0xff, 0xff, 0xff, 0xff, 0xff, 0xff, 0xff, 0xff, 0xff, 0xff, 0xff,
    0xff, 0xff, 0xff, 0xff, 0xff, 0xff, 0xff, 0x5f, 0xd5, 0x55, 0x55, 0x5d,
    0xfd, 0x55, 0x55, 0xdd, 0xdd, 0xdd, 0xdd, 0x03, 0xff, 0xff, 0xff, 0xff,
    0xbb, 0xff, 0xff, 0xbb, 0xbb, 0xbb, 0xbb, 0xbb, 0xbb, 0xbb, 0xbb, 0xbb,
    0xbb, 0xbb, 0xbb, 0xab, 0xaa, 0xa2, 0xaa, 0xaa, 0xaa, 0xaa, 0xaa, 0xaa,
    0xaa, 0xaa, 0xaa, 0x03, 0xff, 0xff, 0xff, 0xff, 0xff, 0xff, 0xff, 0xff,
    0xff, 0xff, 0xff, 0xff, 0xff, 0xff, 0xff, 0xff, 0xff, 0xff, 0xff, 0x7f,
    0xf5, 0x57, 0x55, 0x55, 0x55, 0x55, 0x55, 0x7f, 0x77, 0xf7, 0xff, 0x03,
    0xff, 0xff, 0xff, 0xff, 0xee, 0xfe, 0xff, 0xee, 0xee, 0xee, 0xee, 0xaa,
    0xea, 0xee, 0xee, 0xee, 0xaa, 0xaa, 0xaa, 0xaa, 0xea, 0xaa, 0x88, 0x00,
    0x00, 0xa8, 0x8a, 0xaa, 0xaa, 0xaa, 0xaa, 0x02, 0xff, 0xff, 0xff, 0xff,
    0xff, 0xff, 0xff, 0xff, 0xff, 0xff, 0xff, 0xff, 0xff, 0xff, 0xff, 0xff,
    0xff, 0xff, 0xff, 0xdf, 0xfd, 0x5f, 0x55, 0x45, 0x45, 0x55, 0x55, 0xd5,
    0xdd, 0xdd, 0xff, 0x03, 0xff, 0xff, 0xff, 0xff, 0xbb, 0xff, 0xff, 0xbb,
    0xbb, 0xbb, 0xbb, 0xbb, 0xbb, 0xbb, 0xbb, 0xbb, 0xbb, 0xbb, 0xbb, 0xbb,
    0xba, 0xab, 0xaa, 0x00, 0x00, 0xaa, 0xaa, 0xaa, 0xaa, 0xaa, 0xaa, 0x03,
    0xff, 0xff, 0xff, 0xff, 0xff, 0xff, 0xff, 0xff, 0xff, 0xff, 0xff, 0xff,
    0xff, 0xff, 0xff, 0xff, 0xff, 0xff, 0xff, 0xff, 0xff, 0x7f, 0x55, 0x15,
    0x11, 0x55, 0x55, 0x75, 0x77, 0xf7, 0xff, 0x03, 0xff, 0xff, 0xff, 0xff,
    0xee, 0xee, 0xff, 0xef, 0xee, 0xee, 0xae, 0xaa, 0xee, 0xee, 0xee, 0xee,
    0xaa, 0xaa, 0xaa, 0xea, 0xaa, 0xaa, 0xa8, 0x00, 0x00, 0x08, 0x88, 0xa8,
    0xaa, 0xaa, 0xaa, 0x02, 0xff, 0xff, 0xff, 0xff, 0xff, 0xff, 0xff, 0xff,
    0xff, 0xff, 0xff, 0xff, 0xff, 0xff, 0xff, 0xff, 0xff, 0xff, 0xff, 0xff,
    0xdf, 0x55, 0x55, 0x55, 0x44, 0x54, 0x55, 0xd5, 0xdd, 0xfd, 0xff, 0x03,
    0xff, 0xff, 0xff, 0xff, 0xbb, 0xfb, 0xff, 0xbf, 0xbb, 0xbb, 0xbb, 0xbb,
    0xbb, 0xbb, 0xbb, 0xbb, 0xbb, 0xbb, 0xbb, 0xbb, 0xaa, 0xaa, 0xaa, 0x0a,
    0x00, 0x00, 0x00, 0xaa, 0xaa, 0xaa, 0xbb, 0x03, 0xff, 0xff, 0xff, 0xff,
    0xff, 0xff, 0xff, 0xff, 0xff, 0xff, 0xff, 0xff, 0xff, 0xff, 0xff, 0xff,
    0xff, 0xff, 0xff, 0xff, 0x7f, 0x55, 0x55, 0x55, 0x11, 0x11, 0x11, 0x75,
    0x77, 0xff, 0xff, 0x03, 0xff, 0xff, 0xff, 0xff, 0xef, 0xea, 0xff, 0xef,
    0xee, 0xee, 0xaa, 0xaa, 0xee, 0xea, 0xee, 0xae, 0xaa, 0xaa, 0xaa, 0xaa,
    0xaa, 0x8a, 0x0a, 0x08, 0x00, 0x00, 0x00, 0xa8, 0xaa, 0xaa, 0xaa, 0x02,
    0xff, 0xff, 0xff, 0xff, 0xff, 0xff, 0xff, 0xff, 0xff, 0xff, 0xff, 0xff,
    0xff, 0xff, 0xff, 0xff, 0xff, 0x5f, 0xfd, 0xff, 0xff, 0x55, 0x55, 0x54,
    0x44, 0x44, 0x44, 0x54, 0xdd, 0xdd, 0xdd, 0x03, 0xff, 0xff, 0xff, 0xff,
    0xbf, 0xfb, 0xff, 0xbf, 0xbb, 0xbb, 0xbb, 0xbb, 0xbb, 0xbb, 0xbb, 0xbb,
    0xbb, 0xab, 0xba, 0xbb, 0xbb, 0xaa, 0x0a, 0x00, 0x00, 0x00, 0x00, 0xa0,
    0xaa, 0xaa, 0xaa, 0x02, 0xff, 0xff, 0xff, 0xff, 0xff, 0xff, 0xff, 0xff,
    0xff, 0xff, 0xff, 0xff, 0xff, 0xff, 0xff, 0xff, 0xff, 0x7f, 0xff, 0xff,
    0xff, 0x7f, 0x55, 0x11, 0x11, 0x11, 0x11, 0x51, 0x77, 0x77, 0x77, 0x03,
    0xff, 0xff, 0xff, 0xff, 0xff, 0xea, 0xfe, 0xef, 0xee, 0xae, 0xee, 0xee,
    0xee, 0xaa, 0xee, 0xaa, 0xaa, 0xaa, 0xaa, 0xaa, 0xaa, 0xaa, 0x0a, 0x00,
    0x00, 0x00, 0x00, 0x80, 0xaa, 0xaa, 0xaa, 0x02, 0xff, 0xff, 0xff, 0xff,
    0xff, 0xff, 0xff, 0xff, 0xff, 0xff, 0xff, 0xff, 0xff, 0xff, 0xff, 0xff,
    0xd5, 0xdf, 0xff, 0xff, 0xff, 0x5f, 0x55, 0x55, 0x44, 0x04, 0x00, 0x50,
    0xdd, 0x5d, 0xd5, 0x01, 0xff, 0xff, 0xff, 0xff, 0xff, 0xbb, 0xff, 0xbf,
    0xbb, 0xbb, 0xff, 0xbf, 0xbb, 0xbb, 0xbb, 0xab, 0xaa, 0xab, 0xba, 0xbb,
    0xbb, 0xab, 0xaa, 0x02, 0x00, 0x00, 0x00, 0xa0, 0xaa, 0xaa, 0xaa, 0x02,
    0xff, 0xff, 0xff, 0xff, 0xff, 0xff, 0xff, 0xff, 0xff, 0xff, 0xff, 0xff,
    0xff, 0xff, 0xff, 0x7f, 0xf5, 0xff, 0xff, 0xff, 0xff, 0x7f, 0x57, 0x57,
    0x11, 0x11, 0x00, 0x50, 0x77, 0x77, 0x77, 0x03, 0xff, 0xff, 0xff, 0xff,
    0xff, 0xef, 0xee, 0xfe, 0xee, 0xee, 0xfe, 0xff, 0xae, 0xaa, 0xae, 0xaa,
    0xaa, 0xea, 0xaa, 0xaa, 0xaa, 0xaa, 0xaa, 0x0a, 0x00, 0x00, 0x00, 0x80,
    0xaa, 0xaa, 0xaa, 0x02, 0xff, 0xff, 0xff, 0xff, 0xff, 0xff, 0xff, 0xff,
    0xff, 0xff, 0xff, 0xff, 0xff, 0xfd, 0xff, 0xff, 0xfd, 0xff, 0xff, 0xff,
    0xff, 0xff, 0x55, 0x55, 0x05, 0x44, 0x00, 0x40, 0xdd, 0xdd, 0xdd, 0x01,
    0xff, 0xff, 0xff, 0xff, 0xff, 0xff, 0xbb, 0xff, 0xbb, 0xff, 0xff, 0xff,
    0xbb, 0xaa, 0xbb, 0xbb, 0xaa, 0xbb, 0xbb, 0xbb, 0xbb, 0xab, 0xaa, 0x2a,
    0x00, 0x00, 0x00, 0xa0, 0xaa, 0xaa, 0xaa, 0x02, 0xff, 0xff, 0xff, 0xff,
    0xff, 0xff, 0xff, 0xff, 0xff, 0xff, 0xff, 0xff, 0xff, 0xff, 0xff, 0xff,
    0xff, 0xff, 0xff, 0xff, 0xff, 0xff, 0x7f, 0x55, 0x15, 0x11, 0x11, 0x51,
    0x77, 0x77, 0x77, 0x03, 0xff, 0xff, 0xff, 0xff, 0xff, 0xff, 0xee, 0xfe,
    0xee, 0xfe, 0xff, 0xff, 0xae, 0xaa, 0xaa, 0xaa, 0xae, 0xaa, 0xaa, 0xaa,
    0xaa, 0xaa, 0xaa, 0xa8, 0x00, 0x00, 0x00, 0x80, 0xaa, 0xaa, 0xaa, 0x02,
    0xff, 0xff, 0xff, 0xff, 0xff, 0xff, 0xff, 0xff, 0xff, 0xff, 0xff, 0xff,
    0xff, 0xdf, 0xff, 0xff, 0xff, 0xff, 0xff, 0xff, 0xff, 0xff, 0x5f, 0x55,
    0x55, 0x45, 0x40, 0x55, 0x5d, 0x5d, 0xd5, 0x03, 0xff, 0xff, 0xff, 0xff,
    0xff, 0xff, 0xff, 0xff, 0xff, 0xff, 0xff, 0xff, 0xbb, 0xab, 0xba, 0xbb,
    0xbb, 0xbb, 0xbb, 0xbb, 0xbb, 0xaa, 0xaa, 0xaa, 0x2a, 0x00, 0x00, 0xaa,
    0xaa, 0xaa, 0xaa, 0x03, 0xff, 0xff, 0xff, 0xff, 0xff, 0xff, 0xff, 0xff,
    0xff, 0xff, 0xff, 0xff, 0xff, 0xff, 0xff, 0xff, 0xff, 0xff, 0xff, 0xff,
    0xff, 0xff, 0xf7, 0x57, 0x75, 0x15, 0x15, 0x55, 0x7f, 0x77, 0xf7, 0x03,
    0xff, 0xff, 0xff, 0xff, 0xff, 0xff, 0xff, 0xff, 0xff, 0xff, 0xff, 0xff,
    0xaa, 0xaa, 0xaa, 0xaa, 0xaa, 0xaa, 0xaa, 0xaa, 0xaa, 0xaa, 0xaa, 0x8a,
    0xaa, 0x00, 0x00, 0xa8, 0xaa, 0xaa, 0xaa, 0x02, 0xff, 0xff, 0xff, 0xff,
    0xff, 0xff, 0xff, 0xff, 0xff, 0xff, 0xff, 0xff, 0xff, 0xff, 0xff, 0xff,
    0xff, 0xff, 0xff, 0xff, 0xff, 0xff, 0xdd, 0x55, 0x55, 0x55, 0x15, 0x54,
    0xdd, 0xfd, 0xff, 0x03, 0xff, 0xff, 0xff, 0xff, 0xff, 0xff, 0xff, 0xff,
    0xff, 0xff, 0xff, 0xbf, 0xbb, 0xbb, 0xbb, 0xbb, 0xbb, 0xbb, 0xbb, 0xbb,
    0xbb, 0xbb, 0xaa, 0xaa, 0xaa, 0xaa, 0x02, 0xaa, 0xaa, 0xaa, 0xab, 0x03,
    0xff, 0xff, 0xff, 0xff, 0xff, 0xff, 0xff, 0xff, 0xff, 0xff, 0xff, 0xff,
    0xff, 0xff, 0xff, 0xff, 0xff, 0xff, 0xff, 0xff, 0xff, 0xff, 0xff, 0x7f,
    0x55, 0x55, 0x57, 0x55, 0xf7, 0xff, 0xff, 0x03, 0xff, 0xff, 0xff, 0xff,
    0xff, 0xff, 0xff, 0xff, 0xff, 0xff, 0xff, 0xef, 0xaa, 0xaa, 0xaa, 0xaa,
    0xaa, 0xaa, 0xaa, 0xaa, 0xaa, 0xaa, 0xaa, 0xaa, 0x88, 0xa8, 0x0a, 0xa8,
    0xaa, 0xaa, 0xaa, 0x02, 0xff, 0xff, 0xff, 0xff, 0xff, 0xff, 0xff, 0xff,
    0xff, 0xff, 0xff, 0xff, 0xff, 0xff, 0xff, 0xff, 0xff, 0xff, 0xff, 0xff,
    0xff, 0xff, 0xff, 0x5f, 0x55, 0x55, 0x55, 0x55, 0xdd, 0xfd, 0xff, 0x03,
    0xff, 0xff, 0xff, 0xff, 0xff, 0xff, 0xff, 0xff, 0xff, 0xff, 0xff, 0xbf,
    0xbb, 0xbb, 0xbb, 0xbb, 0xbb, 0xbb, 0xbb, 0xbb, 0xbb, 0xbb, 0xbb, 0xaa,
    0xaa, 0xaa, 0xaa, 0xaa, 0xaa, 0xaa, 0xaa, 0x03, 0xff, 0xff, 0xff, 0xff,
    0xff, 0xff, 0xff, 0xff, 0xff, 0xff, 0xff, 0xff, 0xff, 0xff, 0xff, 0xff,
    0xff, 0xff, 0xff, 0xff, 0xff, 0xff, 0xff, 0xff, 0x57, 0x55, 0x55, 0x75,
    0x77, 0xf7, 0xff, 0x03, 0xff, 0xff, 0xff, 0xff, 0xff, 0xff, 0xff, 0xff,
    0xff, 0xff, 0xff, 0xff, 0xae, 0xaa, 0xaa, 0xaa, 0xaa, 0xaa, 0xea, 0xaa,
    0xaa, 0xaa, 0xaa, 0xaa, 0xaa, 0x8a, 0x88, 0xaa, 0xaa, 0xaa, 0xaa, 0x02,
    0xff, 0xff, 0xff, 0xff, 0xff, 0xff, 0xff, 0xff, 0xff, 0xff, 0xff, 0xff,
    0xff, 0xff, 0xff, 0xff, 0xff, 0xff, 0xff, 0xff, 0xff, 0xff, 0xff, 0xfd,
    0xdf, 0x55, 0x55, 0xdd, 0xd5, 0xdd, 0xfd, 0x03, 0xff, 0xff, 0xff, 0xff,
    0xff, 0xff, 0xff, 0xff, 0xff, 0xff, 0xff, 0xff, 0xbb, 0xbb, 0xbb, 0xbb,
    0xbb, 0xbb, 0xfb, 0xab, 0xbb, 0xbb, 0xab, 0xaa, 0xab, 0xaa, 0xaa, 0xaa,
    0xaa, 0xaa, 0xaa, 0x03, 0xff, 0xff, 0xff, 0xff, 0xff, 0xff, 0xff, 0xff,
    0xff, 0xff, 0xff, 0xff, 0xff, 0xff, 0xff, 0xff, 0xff, 0xff, 0xff, 0xff,
    0xff, 0xff, 0x7f, 0xff, 0xff, 0x7f, 0x55, 0xff, 0x77, 0x77, 0xff, 0x03,
    0xff, 0xff, 0xff, 0xff, 0xff, 0xff, 0xff, 0xff, 0xff, 0xff, 0xff, 0xff,
    0xee, 0xee, 0xaa, 0xee, 0xaa, 0xaa, 0xee, 0xaf, 0xaa, 0xaa, 0xaa, 0xaa,
    0xea, 0xaa, 0xaa, 0xaa, 0xaa, 0xaa, 0xaa, 0x02, 0xff, 0xff, 0xff, 0xff,
    0xff, 0xff, 0xff, 0xff, 0xff, 0xff, 0xff, 0xff, 0xff, 0xff, 0xff, 0xff,
    0xff, 0xff, 0xff, 0xff, 0xff, 0xff, 0xff, 0xff, 0xff, 0xdf, 0x5f, 0xdd,
    0xdd, 0xdd, 0xdd, 0x03, 0xff, 0xff, 0xff, 0xff, 0xff, 0xff, 0xff, 0xff,
    0xff, 0xff, 0xff, 0xff, 0xbb, 0xbb, 0xbb, 0xbb, 0xbb, 0xbb, 0xff, 0xbf,
    0xba, 0xbb, 0xbb, 0xbb, 0xbb, 0xab, 0xbf, 0xaa, 0xaa, 0xaa, 0xaa, 0x02,
    0xff, 0xff, 0xff, 0xff, 0xff, 0xff, 0xff, 0xff, 0xff, 0xff, 0xff, 0xff,
    0xff, 0xff, 0xff, 0xff, 0xff, 0xff, 0xff, 0xff, 0xff, 0xff, 0xff, 0xff,
    0xff, 0xff, 0xff, 0x77, 0x7f, 0x77, 0xf7, 0x03, 0xff, 0xff, 0xff, 0xff,
    0xff, 0xff, 0xff, 0xff, 0xff, 0xff, 0xff, 0xff, 0xee, 0xee, 0xee, 0xee,
    0xae, 0xea, 0xfe, 0xef, 0xaa, 0xea, 0xaa, 0xaa, 0xaa, 0xea, 0xaf, 0xaa,
    0xaa, 0xaa, 0xaa, 0x02, 0xff, 0xff, 0xff, 0xff, 0xff, 0xff, 0xff, 0xff,
    0xff, 0xff, 0xff, 0xff, 0xff, 0xff, 0xff, 0xff, 0xff, 0xff, 0xff, 0xff,
    0xff, 0xff, 0xff, 0xff, 0xff, 0xff, 0xff, 0xd5, 0xfd, 0x55, 0xf5, 0x03,
    0xff, 0xff, 0xff, 0xff, 0xff, 0xff, 0xff, 0xff, 0xff, 0xff, 0xff, 0xff,
    0xff, 0xbb, 0xbb, 0xbb, 0xbb, 0xfb, 0xff, 0xff, 0xab, 0xfa, 0xab, 0xbb,
    0xbb, 0xfb, 0xff, 0xab, 0xaa, 0xaa, 0xea, 0x03, 0xff, 0xff, 0xff, 0xff,
    0xff, 0xff, 0xff, 0xff, 0xff, 0xff, 0xff, 0xff, 0xff, 0xff, 0xff, 0xff,
    0xff, 0xff, 0xff, 0xff, 0xff, 0xff, 0xff, 0xff, 0xff, 0xff, 0xff, 0x77,
    0xff, 0x77, 0xff, 0x03, 0xff, 0xff, 0xff, 0xff, 0xff, 0xff, 0xff, 0xff,
    0xff, 0xff, 0xff, 0xff, 0xff, 0xef, 0xee, 0xee, 0xee, 0xee, 0xff, 0xff,
    0xee, 0xee, 0xaf, 0xaa, 0xaa, 0xee, 0xff, 0xaa, 0xaa, 0xaa, 0xea, 0x03,
    0xff, 0xff, 0xff, 0xff, 0xff, 0xff, 0xff, 0xff, 0xff, 0xff, 0xff, 0xff,
    0xff, 0xff, 0xff, 0xff, 0xff, 0xff, 0xff, 0xff, 0xff, 0xff, 0xff, 0xff,
    0xff, 0xff, 0xff, 0x5f, 0xfd, 0xdf, 0xff, 0x03, 0xff, 0xff, 0xff, 0xff,
    0xff, 0xff, 0xff, 0xff, 0xff, 0xff, 0xff, 0xff, 0xff, 0xff, 0xbb, 0xbb,
    0xfb, 0xff, 0xff, 0xff, 0xff, 0xff, 0xbf, 0xba, 0xab, 0xff, 0xff, 0xbf,
    0xaa, 0xaa, 0xff, 0x03, 0xff, 0xff, 0xff, 0xff, 0xff, 0xff, 0xff, 0xff,
    0xff, 0xff, 0xff, 0xff, 0xff, 0xff, 0xff, 0xff, 0xff, 0xff, 0xff, 0xff,
    0xff, 0xff, 0xff, 0xff, 0xff, 0xff, 0xff, 0x7f, 0xf7, 0xff, 0xff, 0x03,
    0xff, 0xff, 0xff, 0xff, 0xff, 0xfe, 0xff, 0xff, 0xff, 0xff, 0xff, 0xff,
    0xff, 0xff, 0xef, 0xee, 0xee, 0xff, 0xff, 0xff, 0xff, 0xff, 0xef, 0xee,
    0xee, 0xfe, 0xff, 0xaf, 0xaa, 0xea, 0xfe, 0x03, 0xff, 0xff, 0xff, 0xff,
    0xff, 0xff, 0xff, 0xff, 0xff, 0xff, 0xff, 0xff, 0xff, 0xff, 0xff, 0xff,
    0xff, 0xff, 0xff, 0xff, 0xff, 0xff, 0xff, 0xff, 0xff, 0xff, 0xff, 0xff,
    0xd5, 0xfd, 0xff, 0x03, 0xff, 0xff, 0xff, 0xff, 0xbf, 0xff, 0xff, 0xff,
    0xff, 0xff, 0xff, 0xff, 0xff, 0xff, 0xff, 0xff, 0xff, 0xff, 0xff, 0xff,
    0xff, 0xff, 0xff, 0xff, 0xff, 0xff, 0xff, 0xff, 0xab, 0xfa, 0xff, 0x03,
    0xff, 0xff, 0xff, 0xff, 0xff, 0xff, 0xff, 0xff, 0xff, 0xff, 0xff, 0xff,
    0xff, 0xff, 0xff, 0xff, 0xff, 0xff, 0xff, 0xff, 0xff, 0xff, 0xff, 0xff,
    0xff, 0xff, 0xff, 0xff, 0x77, 0xff, 0xff, 0x03, 0xff, 0xff, 0xff, 0xff,
    0xef, 0xfe, 0xff, 0xff, 0xff, 0xff, 0xff, 0xff, 0xff, 0xff, 0xff, 0xff,
    0xff, 0xff, 0xff, 0xff, 0xff, 0xff, 0xff, 0xff, 0xff, 0xff, 0xff, 0xff,
    0xaa, 0xea, 0xff, 0x03, 0xff, 0xff, 0xff, 0xff, 0xff, 0xff, 0xff, 0xff,
    0xff, 0xff, 0xff, 0xff, 0xff, 0xff, 0xff, 0xff, 0xff, 0xff, 0xff, 0xff,
    0xff, 0xff, 0xff, 0xff, 0xff, 0xff, 0xff, 0xff, 0xff, 0xff, 0xff, 0x03,
    0xff, 0xff, 0xff, 0xff, 0xbb, 0xff, 0xff, 0xff, 0xff, 0xff, 0xff, 0xff,
    0xff, 0xff, 0xff, 0xff, 0xff, 0xff, 0xff, 0xff, 0xff, 0xff, 0xff, 0xff,
    0xff, 0xff, 0xff, 0xff, 0xff, 0xff, 0xff, 0x03, 0xff, 0xff, 0xff, 0xff,
    0xff, 0xff, 0xff, 0xff, 0xff, 0xff, 0xff, 0xff, 0xff, 0xff, 0xff, 0xff,
    0xff, 0xff, 0xff, 0xff, 0xff, 0xff, 0xff, 0xff, 0xff, 0xff, 0xff, 0xff,
    0xff, 0xff, 0xff, 0x03, 0xff, 0xff, 0xff, 0xff, 0xef, 0xfe, 0xff, 0xff,
    0xff, 0xff, 0xff, 0xff, 0xff, 0xff, 0xff, 0xff, 0xff, 0xff, 0xff, 0xff,
    0xff, 0xff, 0xff, 0xff, 0xff, 0xff, 0xff, 0xff, 0xff, 0xff, 0xff, 0x03,
    0xff, 0xff, 0xff, 0xff, 0xff, 0xff, 0xff, 0xff, 0xff, 0xff, 0xff, 0xff,
    0xff, 0xff, 0xff, 0xff, 0xff, 0xff, 0xff, 0xff, 0xff, 0xff, 0xff, 0xff,
    0xff, 0xff, 0xff, 0xff, 0xff, 0xff, 0xff, 0x03, 0xff, 0xff, 0xff, 0xff,
    0xbf, 0xff, 0xff, 0xff, 0xff, 0xff, 0xff, 0xff, 0xff, 0xff, 0xff, 0xff,
    0xff, 0xff, 0xff, 0xff, 0xff, 0xff, 0xff, 0xff, 0xff, 0xff, 0xff, 0xff,
    0xff, 0xff, 0xff, 0x03, 0xff, 0xff, 0xff, 0xff, 0xff, 0xff, 0xff, 0xff,
    0xff, 0xff, 0xff, 0xff, 0xff, 0xff, 0xff, 0xff, 0xff, 0xff, 0xff, 0xff,
    0xff, 0xff, 0xff, 0xff, 0xff, 0xff, 0xff, 0xff, 0xff, 0xff, 0xff, 0x03,
    0xff, 0xff, 0xff, 0xff, 0xef, 0xfe, 0xff, 0xff, 0xff, 0xff, 0xff, 0xff,
    0xff, 0xff, 0xff, 0xff, 0xff, 0xff, 0xff, 0xff, 0xff, 0xff, 0xff, 0xff,
    0xff, 0xff, 0xff, 0xff, 0xff, 0xff, 0xff, 0x03, 0xff, 0xff, 0xff, 0xff,
    0xff, 0xff, 0xff, 0xff, 0xff, 0xff, 0xff, 0xff, 0xff, 0xff, 0xff, 0xff,
    0xff, 0xff, 0xff, 0xff, 0xff, 0xff, 0xff, 0xff, 0xff, 0xff, 0xff, 0xff,
    0xff, 0xff, 0xff, 0x03, 0xff, 0xff, 0xff, 0xff, 0xff, 0xfb, 0xff, 0xff,
    0xff, 0xff, 0xff, 0xff, 0xff, 0xff, 0xff, 0xff, 0xff, 0xff, 0xff, 0xff,
    0xff, 0xff, 0xff, 0xff, 0xff, 0xff, 0xff, 0xff, 0xff, 0xff, 0xff, 0x03,
    0xff, 0xff, 0xff, 0xff, 0xff, 0xff, 0xff, 0xff, 0xff, 0xff, 0xff, 0xff,
    0xff, 0xff, 0xff, 0xff, 0xff, 0xff, 0xff, 0xff, 0xff, 0xff, 0xff, 0xff,
    0xff, 0xff, 0xff, 0xff, 0xff, 0xff, 0xff, 0x03, 0xff, 0xff, 0xff, 0xff,
    0xff, 0xee, 0xff, 0xff, 0xff, 0xff, 0xff, 0xff, 0xff, 0xff, 0xff, 0xff,
    0xff, 0xff, 0xff, 0xff, 0xff, 0xff, 0xff, 0xff, 0xff, 0xff, 0xff, 0xff,
    0xff, 0xff, 0xff, 0x03, 0xff, 0xff, 0xff, 0xff, 0xff, 0xff, 0xff, 0xff,
    0xff, 0xff, 0xff, 0xff, 0xff, 0xff, 0xff, 0xff, 0xff, 0xff, 0xff, 0xff,
    0xff, 0xff, 0xff, 0xff, 0xff, 0xff, 0xff, 0xff, 0xff, 0xff, 0xff, 0x03,
    0xff, 0xff, 0xff, 0xff, 0xff, 0xff, 0xff, 0xff, 0xff, 0xff, 0xff, 0xff,
    0xff, 0xff, 0xff, 0xff, 0xff, 0xff, 0xff, 0xff, 0xff, 0xff, 0xff, 0xff,
    0xff, 0xff, 0xff, 0xff, 0xff, 0xff, 0xff, 0x03, 0xff, 0xff, 0xff, 0xff,
    0xff, 0xff, 0xff, 0xff, 0xff, 0xff, 0xff, 0xff, 0xff, 0xff, 0xff, 0xff,
    0xff, 0xff, 0xff, 0xff, 0xff, 0xff, 0xff, 0xff, 0xff, 0xff, 0xff, 0xff,
    0xff, 0xff, 0xff, 0x03, 0xff, 0xff, 0xff, 0xff, 0xff, 0xff, 0xff, 0xff,
    0xff, 0xff, 0xff, 0xff, 0xff, 0xff, 0xff, 0xff, 0xff, 0xff, 0xff, 0xff,
    0xff, 0xff, 0xff, 0xff, 0xff, 0xff, 0xff, 0xff, 0xff, 0xff, 0xff, 0x03,
    0xff, 0xff, 0xff, 0xff, 0xff, 0xff, 0xff, 0xff, 0xff, 0xff, 0xff, 0xff,
    0xff, 0xff, 0xff, 0xff, 0xff, 0xff, 0xff, 0xff, 0xff, 0xff, 0xff, 0xff,
    0xff, 0xff, 0xff, 0xff, 0xff, 0xff, 0xff, 0x03, 0xff, 0xff, 0xff, 0xff,
    0xff, 0xff, 0xff, 0xff, 0xff, 0xff, 0xff, 0xff, 0xff, 0xff, 0xff, 0xff,
    0xff, 0xff, 0xff, 0xff, 0xff, 0xff, 0xff, 0xff, 0xff, 0xff, 0xff, 0xff,
    0xff, 0xff, 0xff, 0x03, 0xff, 0xff, 0xff, 0xff, 0xff, 0xff, 0xff, 0xff,
    0xff, 0xff, 0xff, 0xff, 0xff, 0xff, 0xff, 0xff, 0xff, 0xff, 0xff, 0xff,
    0xff, 0xff, 0xff, 0xff, 0xff, 0xff, 0xff, 0xff, 0xff, 0xff, 0xff, 0x03,
    0xff, 0xff, 0xff, 0xff, 0xff, 0xff, 0xff, 0xff, 0xff, 0xff, 0xff, 0xff,
    0xff, 0xff, 0xff, 0xff, 0xff, 0xff, 0xff, 0xff, 0xff, 0xff, 0xff, 0xff,
    0xff, 0xff, 0xff, 0xff, 0xff, 0xff, 0xff, 0x03, 0xff, 0xff, 0xff, 0xff,
    0xff, 0xff, 0xff, 0xff, 0xff, 0xff, 0xff, 0xff, 0xff, 0xff, 0xff, 0xff,
    0xff, 0xff, 0xff, 0xff, 0xff, 0xff, 0xff, 0xff, 0xff, 0xff, 0xff, 0xff,
    0xff, 0xff, 0xff, 0x03,
  },
  {
    /* frame 2 */
    0xff, 0xff, 0xff, 0xff, 0xff, 0xff, 0xff, 0xff, 0xee, 0xee, 0xff, 0xff,
    0xff, 0xff, 0xff, 0xff, 0xff, 0xff, 0xff, 0xff, 0xff, 0xff, 0xff, 0xff,
    0xff, 0xff, 0xff, 0xff, 0xff, 0xff, 0xff, 0x03, 0xff, 0xff, 0xff, 0xff,
    0xff, 0xff, 0xff, 0xff, 0xff, 0xff, 0xff, 0xff, 0xff, 0xff, 0xff, 0xff,
    0xff, 0xff, 0xff, 0xff, 0xff, 0xff, 0xff, 0xff, 0xff, 0xff, 0xff, 0xff,
    0xff, 0xff, 0xff, 0x03, 0xff, 0xff, 0xff, 0xff, 0xff, 0xff, 0xff, 0xbf,
    0xbb, 0xbb, 0xff, 0xff, 0xff, 0xff, 0xff, 0xff, 0xff, 0xff, 0xff, 0xff,
    0xff, 0xff, 0xff, 0xff, 0xff, 0xff, 0xff, 0xff, 0xff, 0xff, 0xff, 0x03,
    0xff, 0xff, 0xff, 0xff, 0xff, 0xff, 0xff, 0xff, 0xff, 0xff, 0xff, 0xff,
    0xff, 0xff, 0xff, 0xff, 0xff, 0xff, 0xff, 0xff, 0xff, 0xff, 0xff, 0xff,
    0xff, 0xff, 0xff, 0xff, 0xff, 0xff, 0xff, 0x03, 0xff, 0xff, 0xff, 0xff,
    0xff, 0xff, 0xff, 0xee, 0xee, 0xae, 0xfe, 0xff, 0xff, 0xff, 0xff, 0xff,
    0xff, 0xff, 0xff, 0xff, 0xff, 0xff, 0xff, 0xff, 0xff, 0xff, 0xff, 0xff,
    0xff, 0xff, 0xff, 0x03, 0xff, 0xff, 0xff, 0xff, 0xff, 0xff, 0xff, 0xff,
    0xff, 0xff, 0xff, 0xff, 0xff, 0xff, 0xff, 0xff, 0xff, 0xff, 0xff, 0xff,
    0xff, 0xff, 0xff, 0xff, 0xff, 0xff, 0xff, 0xff, 0xff, 0xff, 0xff, 0x03,
    0xff, 0xff, 0xff, 0xff, 0xff, 0xff, 0xbf, 0xbb, 0xbb, 0xbb, 0xfb, 0xff,
    0xff, 0xff, 0xff, 0xff, 0xff, 0xff, 0xff, 0xff, 0xff, 0xff, 0xff, 0xff,
    0xff, 0xff, 0xff, 0xff, 0xff, 0xff, 0xff, 0x03, 0xff, 0xff, 0xff, 0xff,
    0xff, 0xff, 0xff, 0xff, 0xff, 0xff, 0xff, 0xff, 0xff, 0xff, 0xff, 0xff,
    0xff, 0xff, 0xff, 0xff, 0xff, 0xff, 0xff, 0xff, 0xff, 0xff, 0xff, 0xff,
    0xff, 0xff, 0xff, 0x03, 0xff, 0xff, 0xff, 0xff, 0xff, 0xff, 0xef, 0xee,
    0xee, 0xae, 0xea, 0xff, 0xff, 0xff, 0xff, 0xff, 0xff, 0xff, 0xff, 0xff,
    0xff, 0xff, 0xff, 0xff, 0xff, 0xff, 0xff, 0xff, 0xff, 0xff, 0xff, 0x03,
    0xff, 0xff, 0xff, 0xff, 0xff, 0xff, 0xff, 0xff, 0xff, 0xff, 0xff, 0xff,
    0xff, 0xff, 0xff, 0xff, 0xff, 0xff, 0xff, 0xff, 0xff, 0xff, 0xff, 0xff,
    0xff, 0xff, 0xff, 0xff, 0xff, 0xff, 0xff, 0x03, 0xff, 0xff, 0xff, 0xff,
    0xff, 0xff, 0xbf, 0xbb, 0xbb, 0xbb, 0xfa, 0xff, 0xff, 0xff, 0xff, 0xff,
    0xff, 0xff, 0xff, 0xff, 0xff, 0xff, 0xff, 0xff, 0xff, 0xff, 0xff, 0xff,
    0xff, 0xff, 0xff, 0x03, 0xff, 0xff, 0xff, 0xff, 0xff, 0xff, 0xff, 0xff,
    0xff, 0xff, 0xff, 0xff, 0xff, 0xff, 0xff, 0xff, 0xff, 0xff, 0xff, 0xff,
    0xff, 0xff, 0xff, 0xff, 0xff, 0xff, 0xff, 0xff, 0xff, 0xff, 0xff, 0x03,
    0xff, 0xff, 0xff, 0xff, 0xff, 0xff, 0xef, 0xee, 0xee, 0xaa, 0xee, 0xff,
    0xff, 0xff, 0xff, 0xff, 0xff, 0xff, 0xff, 0xff, 0xff, 0xff, 0xff, 0xff,
    0xff, 0xff, 0xff, 0xff, 0xff, 0xff, 0xff, 0x03, 0xff, 0xff, 0xff, 0xff,
    0xff, 0xff, 0xff, 0xff, 0xff, 0xff, 0xff, 0xff, 0xff, 0xff, 0xff, 0xff,
    0xff, 0xff, 0xff, 0xff, 0xff, 0xff, 0xff, 0xff, 0xff, 0xff, 0xff, 0xff,
    0xff, 0xff, 0xff, 0x03, 0xff, 0xff, 0xff, 0xff, 0xff, 0xff, 0xbf, 0xbb,
    0xbb, 0xbb, 0xff, 0xff, 0xff, 0xff, 0xff, 0xff, 0xff, 0xff, 0xff, 0xff,
    0xff, 0xff, 0xff, 0xff, 0xff, 0xff, 0xff, 0xff, 0xff, 0xff, 0xff, 0x03,
    0xff, 0xff, 0xff, 0xff, 0xff, 0xff, 0xff, 0xff, 0xff, 0xff, 0xff, 0xff,
    0xff, 0xff, 0xff, 0xff, 0xff, 0xff, 0xff, 0xff, 0xff, 0xff, 0xff, 0xff,
    0xff, 0xff, 0xff, 0xff, 0xff, 0xff, 0xff, 0x03, 0xff, 0xff, 0xff, 0xff,
    0xff, 0xff, 0xef, 0xee, 0xae, 0xea, 0xfe, 0xff, 0xff, 0xff, 0xff, 0xff,
    0xef, 0xee, 0xfe, 0xff, 0xff, 0xff, 0xff, 0xff, 0xff, 0xff, 0xff, 0xff,
    0xff, 0xff, 0xff, 0x03, 0xff, 0xff, 0xff, 0xff, 0xff, 0xff, 0xff, 0xff,
    0xff, 0xff, 0xff, 0xff, 0xff, 0xff, 0xff, 0xff, 0xff, 0xff, 0xff, 0xff,
    0xff, 0xff, 0xff, 0xff, 0xff, 0xff, 0xff, 0xff, 0xff, 0xff, 0xff, 0x03,
    0xff, 0xff, 0xff, 0xff, 0xff, 0xff, 0xbb, 0xbb, 0xbb, 0xfb, 0xff, 0xff,
    0xff, 0xff, 0xff, 0xff, 0xbb, 0xbb, 0xff, 0xff, 0xff, 0xff, 0xff, 0xff,
    0xff, 0xff, 0xff, 0xff, 0xff, 0xff, 0xff, 0x03, 0xff, 0xff, 0xff, 0xff,
    0xff, 0xff, 0xff, 0xff, 0xff, 0xff, 0xff, 0xff, 0xff, 0xff, 0xff, 0xff,
    0xff, 0xff, 0xff, 0xff, 0xff, 0xff, 0xff, 0xff, 0xff, 0xff, 0xff, 0xff,
    0xff, 0xff, 0xff, 0x03, 0xff, 0xff, 0xff, 0xff, 0xff, 0xff, 0xee, 0xee,
    0xaa, 0xee, 0xff, 0xff, 0xff, 0xff, 0xff, 0xef, 0xaa, 0xaa, 0xee, 0xff,
    0xff, 0xff, 0xff, 0xff, 0xff, 0xff, 0xff, 0xff, 0xef, 0xee, 0xfe, 0x03,
    0xff, 0xff, 0xff, 0xff, 0xff, 0xff, 0xff, 0xff, 0xff, 0xff, 0xff, 0xff,
    0xff, 0xff, 0xff, 0xff, 0xff, 0xff, 0xff, 0xff, 0xff, 0xff, 0xff, 0xff,
    0xff, 0xff, 0xff, 0xff, 0xff, 0xff, 0xff, 0x03, 0xff, 0xff, 0xff, 0xfb,
    0xff, 0xff, 0xbb, 0xbb, 0xab, 0xff, 0xff, 0xff, 0xff, 0xff, 0xff, 0xbb,
    0xbb, 0xbb, 0xbb, 0xff, 0xff, 0xff, 0xff, 0xff, 0xff, 0xff, 0xff, 0xff,
    0xbf, 0xaa, 0xff, 0x03, 0xff, 0xff, 0xff, 0xff, 0xff, 0xff, 0xff, 0xff,
    0xff, 0xff, 0xff, 0xff, 0xff, 0xff, 0xff, 0xff, 0xff, 0xff, 0xff, 0xff,
    0xff, 0xff, 0xff, 0xff, 0xff, 0xff, 0xff, 0xff, 0x7f, 0xf7, 0xff, 0x03,
    0xff, 0xff, 0xff, 0xea, 0xff, 0xff, 0xee, 0xee, 0xaa, 0xfe, 0xff, 0xff,
    0xff, 0xff, 0xff, 0xae, 0xaa, 0xaa, 0xaa, 0xfe, 0xff, 0xef, 0xee, 0xee,
    0xff, 0xff, 0xff, 0xff, 0xaf, 0xaa, 0xfe, 0x03, 0xff, 0xff, 0xff, 0xff,
    0xff, 0xff, 0xff, 0xff, 0xff, 0xff, 0xff, 0xff, 0xff, 0xff, 0xff, 0xff,
    0xff, 0xff, 0xff, 0xff, 0xff, 0xff, 0xff, 0xff, 0xff, 0xff, 0xff, 0xff,
    0x5f, 0xd5, 0xff, 0x03, 0xff, 0xff, 0xbf, 0xfb, 0xff, 0xbf, 0xbb, 0xbb,
    0xab, 0xff, 0xff, 0xff, 0xff, 0xff, 0xbf, 0xbb, 0xbb, 0xbb, 0xbb, 0xfb,
    0xff, 0xbb, 0xbb, 0xfb, 0xff, 0xff, 0xff, 0xff, 0xab, 0xaa, 0xff, 0x03,
    0xff, 0xff, 0xff, 0xff, 0xff, 0xff, 0xff, 0xff, 0xff, 0xff, 0xff, 0xff,
    0xff, 0xff, 0xff, 0xff, 0xff, 0xff, 0xff, 0xff, 0xff, 0xff, 0xff, 0xff,
    0xff, 0xff, 0xff, 0xff, 0x77, 0xf7, 0xff, 0x03, 0xff, 0xff, 0xef, 0xee,
    0xff, 0xef, 0xee, 0xee, 0xaa, 0xfe, 0xff, 0xff, 0xff, 0xff, 0xef, 0xae,
    0xaa, 0xaa, 0xaa, 0xea, 0xff, 0xaa, 0xaa, 0xea, 0xff, 0xff, 0xff, 0xee,
    0xaa, 0xaa, 0xfe, 0x03, 0xff, 0xff, 0xff, 0xff, 0xff, 0xff, 0xff, 0xff,
    0xff, 0xff, 0xff, 0xff, 0xff, 0xff, 0xff, 0xff, 0xff, 0xff, 0xff, 0xff,
    0xff, 0xff, 0xfd, 0xff, 0xff, 0xff, 0xff, 0xff, 0xd5, 0xfd, 0xff, 0x03,
    0xff, 0xff, 0xbf, 0xff, 0xff, 0xbf, 0xbb, 0xbb, 0xbb, 0xff, 0xff, 0xff,
    0xff, 0xff, 0xbb, 0xbb, 0xbb, 0xbb, 0xbb, 0xbb, 0xbf, 0xbb, 0xaa, 0xbb,
    0xff, 0xff, 0xff, 0xab, 0xaa, 0xaa, 0xff, 0x03, 0xff, 0xff, 0xff, 0xff,
    0xff, 0xff, 0xff, 0xff, 0xff, 0xff, 0xff, 0xff, 0xff, 0xff, 0xff, 0xff,
    0xff, 0xff, 0xff, 0xff, 0xff, 0xff, 0xff, 0xff, 0xff, 0xff, 0xff, 0x77,
    0x77, 0xff, 0xff, 0x03, 0xff, 0xff, 0xef, 0xfe, 0xff, 0xef, 0xee, 0xae,
    0xaa, 0xfe, 0xff, 0xff, 0xff, 0xff, 0xee, 0xae, 0xaa, 0xaa, 0xaa, 0xaa,
    0xae, 0xaa, 0xaa, 0xaa, 0xfe, 0xfe, 0xff, 0xaa, 0xaa, 0xaa, 0xee, 0x02,
    0xff, 0xff, 0xff, 0xff, 0xff, 0xff, 0xff, 0xff, 0xff, 0xff, 0xff, 0xff,
    0xff, 0xff, 0xff, 0xff, 0xff, 0xfd, 0xff, 0xff, 0xff, 0xff, 0xff, 0x5f,
    0xff, 0xff, 0xff, 0x55, 0xdd, 0xdd, 0xff, 0x03, 0xff, 0xff, 0xbf, 0xff,
    0xff, 0xbf, 0xbb, 0xbb, 0xbb, 0xff, 0xff, 0xff, 0xff, 0xff, 0xbb, 0xbb,
    0xab, 0xaa, 0xbb, 0xbb, 0xbb, 0xbb, 0xab, 0xaa, 0xba, 0xff, 0xbf, 0xaa,
    0xaa, 0xaa, 0xaa, 0x03, 0xff, 0xff, 0xff, 0xff, 0xff, 0xff, 0xff, 0xff,
    0xff, 0xff, 0xff, 0xff, 0xff, 0xff, 0xff, 0xff, 0x7f, 0xf7, 0xff, 0xff,
    0xff, 0xff, 0x7f, 0x57, 0xff, 0xff, 0x7f, 0x77, 0xf7, 0x77, 0xf7, 0x03,
    0xff, 0xff, 0xef, 0xfe, 0xff, 0xef, 0xee, 0xae, 0xaa, 0xee, 0xff, 0xff,
    0xff, 0xff, 0xee, 0xae, 0xaa, 0xaa, 0xaa, 0xae, 0xaa, 0xaa, 0xaa, 0x8a,
    0xaa, 0xee, 0xae, 0xaa, 0xaa, 0xaa, 0xaa, 0x02, 0xff, 0xff, 0xff, 0xff,
    0xff, 0xff, 0xff, 0xff, 0xff, 0xff, 0xff, 0xff, 0xff, 0xff, 0xff, 0xff,
    0xff, 0x55, 0xff, 0xff, 0xff, 0xff, 0x55, 0x55, 0xfd, 0xff, 0x5f, 0xdd,
    0xdd, 0x5d, 0xd5, 0x03, 0xff, 0xff, 0xbb, 0xff, 0xff, 0xbf, 0xbb, 0xbb,
    0xbb, 0xfb, 0xff, 0xff, 0xff, 0xff, 0xbb, 0xbb, 0xbb, 0xaa, 0xba, 0xbb,
    0xbb, 0xab, 0xaa, 0xaa, 0xaa, 0xbb, 0xaa, 0xaa, 0xaa, 0xaa, 0xaa, 0x03,
    0xff, 0xff, 0xff, 0xff, 0xff, 0xff, 0xff, 0xff, 0xff, 0xff, 0xff, 0xff,
    0xff, 0xff, 0xff, 0xff, 0xff, 0x57, 0xff, 0xff, 0xff, 0x7f, 0x55, 0x55,
    0xff, 0x7f, 0x77, 0x77, 0x7f, 0x77, 0xf7, 0x03, 0xff, 0xff, 0xae, 0xfe,
    0xff, 0xef, 0xee, 0xae, 0xaa, 0xea, 0xff, 0xff, 0xff, 0xee, 0xee, 0xae,
    0xaa, 0xaa, 0xaa, 0xaa, 0xaa, 0xaa, 0x8a, 0x88, 0xaa, 0xaa, 0xaa, 0xaa,
    0xaa, 0xaa, 0xaa, 0x02, 0xff, 0xff, 0xff, 0xff, 0xff, 0xff, 0xff, 0xff,
    0xff, 0xff, 0xff, 0xff, 0xff, 0xff, 0xff, 0xff, 0xff, 0xdf, 0xff, 0xff,
    0xff, 0xdd, 0x55, 0x55, 0xd5, 0x55, 0xdd, 0xdd, 0xdd, 0xdd, 0xdd, 0x03,
    0xff, 0xff, 0xbb, 0xff, 0xff, 0xbf, 0xbb, 0xbb, 0xbb, 0xff, 0xff, 0xff,
    0xbf, 0xbb, 0xbb, 0xbb, 0xbb, 0xab, 0xba, 0xbb, 0xab, 0xaa, 0xaa, 0xaa,
    0xaa, 0xaa, 0xaa, 0xaa, 0xaa, 0xaa, 0xaa, 0x03, 0xff, 0xff, 0xff, 0xff,
    0xff, 0xff, 0xff, 0xff, 0xff, 0xff, 0xff, 0xff, 0xff, 0xff, 0xff, 0xff,
    0xff, 0xff, 0xff, 0xff, 0x7f, 0x7f, 0x55, 0x55, 0x75, 0x57, 0xff, 0xf7,
    0x77, 0x77, 0xf7, 0x03, 0xff, 0xff, 0xee, 0xfe, 0xff, 0xef, 0xee, 0xae,
    0xea, 0xfe, 0xff, 0xee, 0xaf, 0xaa, 0xee, 0xaa, 0xaa, 0xea, 0xaa, 0xaa,
    0xaa, 0xaa, 0x80, 0xaa, 0xa8, 0x8a, 0xaa, 0xaa, 0xaa, 0xaa, 0xaa, 0x02,
    0xff, 0xff, 0xff, 0xff, 0xff, 0xff, 0xff, 0xff, 0xff, 0xff, 0xff, 0xff,
    0xff, 0xff, 0xff, 0xff, 0xff, 0xff, 0xff, 0xfd, 0x5f, 0x5d, 0x55, 0x55,
    0x55, 0x55, 0xd5, 0xdd, 0xdd, 0xdd, 0xdd, 0x03, 0xff, 0xff, 0xfb, 0xff,
    0xff, 0xbf, 0xbb, 0xbb, 0xfa, 0xff, 0xbf, 0xfb, 0xbb, 0xbb, 0xbb, 0xbb,
    0xbb, 0xbb, 0xbb, 0xaa, 0xab, 0xaa, 0xa0, 0xaa, 0xaa, 0xaa, 0xaa, 0xaa,
    0xaa, 0xaa, 0xaa, 0x03, 0xff, 0xff, 0xff, 0xff, 0xff, 0xff, 0xff, 0xff,
    0xff, 0xff, 0xff, 0xff, 0xff, 0xff, 0xff, 0xff, 0xff, 0xff, 0xff, 0xff,
    0x57, 0x7f, 0x51, 0x55, 0x55, 0x55, 0xf5, 0x77, 0x77, 0xf7, 0xff, 0x03,
    0xff, 0xff, 0xee, 0xff, 0xff, 0xff, 0xee, 0xae, 0xea, 0xff, 0xef, 0xea,
    0xaa, 0xea, 0xae, 0xaa, 0xaa, 0xaa, 0xaa, 0xaa, 0xaa, 0xaa, 0x00, 0x88,
    0xa8, 0x8a, 0xa8, 0xaa, 0xaa, 0xaa, 0xaa, 0x02, 0xff, 0xff, 0xff, 0xff,
    0xff, 0xff, 0xff, 0xff, 0xff, 0xff, 0xff, 0xff, 0xff, 0xff, 0xff, 0xff,
    0xff, 0xff, 0xff, 0xdf, 0x5d, 0x55, 0x55, 0x55, 0x55, 0x55, 0x55, 0xd5,
    0xdd, 0xdd, 0xff, 0x03, 0xff, 0xff, 0xfb, 0xff, 0xff, 0xff, 0xbb, 0xbb,
    0xfa, 0xff, 0xbf, 0xbb, 0xbb, 0xbb, 0xbb, 0xbb, 0xbb, 0xbb, 0xbb, 0xab,
    0xaa, 0xaa, 0x02, 0x00, 0xaa, 0x0a, 0xaa, 0xaa, 0xaa, 0xaa, 0xaa, 0x03,
    0xff, 0xff, 0xff, 0xff, 0xff, 0xff, 0xff, 0xff, 0xff, 0xff, 0xff, 0xff,
    0xff, 0xff, 0xff, 0xff, 0xff, 0xff, 0xff, 0xff, 0x7f, 0x55, 0x57, 0x11,
    0x55, 0x15, 0x55, 0x75, 0x77, 0xf7, 0xff, 0x03, 0xff, 0xff, 0xee, 0xff,
    0xff, 0xff, 0xee, 0xae, 0xea, 0xff, 0xef, 0xaa, 0xea, 0xea, 0xae, 0xaa,
    0xaa, 0xaa, 0xaa, 0xaa, 0xaa, 0x8a, 0x0a, 0x00, 0x88, 0x00, 0x88, 0xa8,
    0xaa, 0xaa, 0xaa, 0x02, 0xff, 0xff, 0xff, 0xff, 0xff, 0xff, 0xff, 0xff,
    0xff, 0xff, 0xff, 0xff, 0xff, 0xff, 0xff, 0x5f, 0xfd, 0xff, 0xff, 0xff,
    0xff, 0x55, 0x55, 0x00, 0x54, 0x45, 0x54, 0xd5, 0xdd, 0xfd, 0xff, 0x03,
    0xff, 0xff, 0xfb, 0xff, 0xff, 0xff, 0xbb, 0xbb, 0xfa, 0xff, 0xbb, 0xbb,
    0xbb, 0xbb, 0xbb, 0xab, 0xba, 0xbb, 0xbb, 0xbb, 0xab, 0xaa, 0x2a, 0x00,
    0x00, 0x00, 0xa0, 0xaa, 0xaa, 0xaa, 0xbb, 0x03, 0xff, 0xff, 0xff, 0xff,
    0xff, 0xff, 0xff, 0xff, 0xff, 0xff, 0xff, 0xff, 0xff, 0xff, 0xff, 0x7f,
    0xff, 0xff, 0xff, 0xff, 0x7f, 0x57, 0x55, 0x15, 0x11, 0x11, 0x51, 0x75,
    0x77, 0xff, 0xff, 0x03, 0xff, 0xff, 0xee, 0xfe, 0xff, 0xff, 0xee, 0xae,
    0xea, 0xee, 0xaf, 0xaa, 0xaa, 0xee, 0xae, 0xaa, 0xaa, 0xaa, 0xaa, 0xaa,
    0xaa, 0x8a, 0xa8, 0x00, 0x00, 0x00, 0x80, 0xa8, 0xaa, 0xaa, 0xaa, 0x02,
    0xff, 0xff, 0xff, 0xff, 0xff, 0xff, 0xff, 0xff, 0xff, 0xff, 0xff, 0xff,
    0xff, 0xff, 0xff, 0xdf, 0xff, 0xff, 0xff, 0xff, 0xff, 0x55, 0x55, 0x55,
    0x44, 0x04, 0x44, 0x55, 0xdd, 0xdd, 0xdd, 0x03, 0xff, 0xff, 0xbb, 0xff,
    0xff, 0xff, 0xbb, 0xbb, 0xfa, 0xeb, 0xbb, 0xbb, 0xbb, 0xbb, 0xbb, 0xbb,
    0xba, 0xbb, 0xbb, 0xbb, 0xbb, 0xaa, 0xaa, 0x02, 0x00, 0x00, 0x00, 0xaa,
    0xaa, 0xaa, 0xaa, 0x02, 0xff, 0xff, 0xff, 0xff, 0xff, 0xff, 0xff, 0xff,
    0xff, 0xff, 0xff, 0xff, 0xff, 0xff, 0xff, 0xff, 0xff, 0xff, 0xff, 0xff,
    0xff, 0x7f, 0x55, 0x55, 0x11, 0x11, 0x11, 0x55, 0x77, 0x77, 0x77, 0x03,
    0xff, 0xff, 0xaf, 0xfe, 0xff, 0xff, 0xee, 0xae, 0xea, 0xea, 0xae, 0xaa,
    0xaa, 0xee, 0xae, 0xea, 0xaa, 0xaa, 0xaa, 0xaa, 0xaa, 0xaa, 0x8a, 0x0a,
    0x00, 0x00, 0x00, 0xa8, 0xaa, 0xaa, 0xaa, 0x02, 0xff, 0xff, 0xff, 0xff,
    0xff, 0xff, 0xff, 0xff, 0xff, 0xff, 0xff, 0xff, 0xff, 0xff, 0xff, 0xff,
    0xff, 0xff, 0xff, 0xff, 0xff, 0xdf, 0x55, 0x55, 0x45, 0x04, 0x00, 0x55,
    0xdd, 0x5d, 0xd5, 0x01, 0xff, 0xff, 0xbf, 0xff, 0xff, 0xff, 0xbb, 0xbb,
    0xbb, 0xbf, 0xbb, 0xbb, 0xbb, 0xbb, 0xbb, 0xbb, 0xbb, 0xbb, 0xbb, 0xbb,
    0xbb, 0xbb, 0xaa, 0x2a, 0x00, 0x00, 0x00, 0xaa, 0xaa, 0xaa, 0xaa, 0x02,
    0xff, 0xff, 0xff, 0xff, 0xff, 0xff, 0xff, 0xff, 0xff, 0xff, 0xff, 0xff,
    0xff, 0xff, 0xff, 0xff, 0xff, 0xff, 0xff, 0xff, 0xff, 0xff, 0x77, 0x55,
    0x15, 0x11, 0x01, 0x55, 0x77, 0x77, 0x77, 0x03, 0xff, 0xff, 0xff, 0xfe,
    0xff, 0xff, 0xef, 0xae, 0xae, 0xfe, 0xaa, 0xaa, 0xaa, 0xee, 0xee, 0xae,
    0xaa, 0xaa, 0xaa, 0xaa, 0xaa, 0xea, 0xaa, 0xa8, 0x00, 0x00, 0x00, 0xa8,
    0xaa, 0xaa, 0xaa, 0x02, 0xff, 0xff, 0xff, 0xff, 0xff, 0xff, 0xff, 0xff,
    0xff, 0xff, 0xff, 0xff, 0xff, 0xff, 0xff, 0xff, 0xff, 0xff, 0xff, 0xff,
    0xff, 0xff, 0x5f, 0x55, 0x55, 0x40, 0x00, 0x55, 0xdd, 0xdd, 0xdd, 0x01,
    0xff, 0xff, 0xff, 0xff, 0xff, 0xff, 0xbf, 0xbb, 0xbf, 0xbb, 0xbb, 0xbb,
    0xbb, 0xbb, 0xbb, 0xbb, 0xbb, 0xbb, 0xbb, 0xbb, 0xbb, 0xbb, 0xaa, 0xaa,
    0x0a, 0x00, 0x00, 0xaa, 0xaa, 0xaa, 0xaa, 0x02, 0xff, 0xff, 0xff, 0xff,
    0xff, 0xff, 0xff, 0xff, 0xff, 0xff, 0xff, 0xff, 0xff, 0xff, 0xff, 0xff,
    0xff, 0xff, 0xff, 0xff, 0xff, 0xff, 0xff, 0x57, 0x55, 0x11, 0x11, 0x55,
    0x77, 0x77, 0x77, 0x03, 0xff, 0xff, 0xff, 0xff, 0xff, 0xff, 0xef, 0xee,
    0xfe, 0xea, 0xaa, 0xaa, 0xaa, 0xee, 0xee, 0xee, 0xae, 0xaa, 0xaa, 0xaa,
    0xaa, 0xaa, 0xaa, 0x8a, 0x0a, 0x00, 0x00, 0xa8, 0xaa, 0xaa, 0xaa, 0x02,
    0xff, 0xff, 0xff, 0xff, 0xff, 0xff, 0xff, 0xff, 0xff, 0xff, 0xff, 0xff,
    0xff, 0xff, 0xff, 0xff, 0xff, 0xff, 0xff, 0xff, 0xff, 0xff, 0xdf, 0x55,
    0x55, 0x55, 0x54, 0x55, 0x5d, 0x5d, 0xd5, 0x03, 0xff, 0xff, 0xff, 0xff,
    0xff, 0xff, 0xbf, 0xfb, 0xbf, 0xbb, 0xbb, 0xbb, 0xbb, 0xbb, 0xbb, 0xbb,
    0xbb, 0xbb, 0xbb, 0xbb, 0xbb, 0xab, 0xaa, 0xaa, 0xaa, 0x02, 0xa0, 0xaa,
    0xaa, 0xaa, 0xaa, 0x03, 0xff, 0xff, 0xff, 0xff, 0xff, 0xff, 0xff, 0xff,
    0xff, 0xff, 0xff, 0xff, 0xff, 0xff, 0xff, 0xff, 0xff, 0xff, 0xff, 0xff,
    0xff, 0xff, 0xff, 0x7f, 0x55, 0x55, 0x51, 0x75, 0x7f, 0x77, 0xf7, 0x03,
    0xff, 0xff, 0xff, 0xff, 0xff, 0xff, 0xff, 0xee, 0xef, 0xee, 0xaa, 0xaa,
    0xea, 0xee, 0xee, 0xee, 0xee, 0xae, 0xaa, 0xaa, 0xaa, 0xaa, 0xaa, 0xaa,
    0xaa, 0x0a, 0x80, 0xaa, 0xaa, 0xaa, 0xaa, 0x02, 0xff, 0xff, 0xff, 0xff,
    0xff, 0xff, 0xff, 0xff, 0xff, 0xff, 0xff, 0xff, 0xff, 0xff, 0xff, 0xff,
    0xff, 0xff, 0xff, 0xff, 0xff, 0xff, 0xff, 0xdf, 0x5d, 0x55, 0x41, 0xdd,
    0xdd, 0xfd, 0xff, 0x03, 0xff, 0xff, 0xff, 0xff, 0xff, 0xff, 0xff, 0xff,
    0xbf, 0xbb, 0xbb, 0xbb, 0xbb, 0xbb, 0xbb, 0xbb, 0xff, 0xbb, 0xbb, 0xbb,
    0xbb, 0xbb, 0xbb, 0xbb, 0xab, 0xaa, 0xa0, 0xaa, 0xaa, 0xaa, 0xab, 0x03,
    0xff, 0xff, 0xff, 0xff, 0xff, 0xff, 0xff, 0xff, 0xff, 0xff, 0xff, 0xff,
    0xff, 0xff, 0xff, 0xff, 0xff, 0xff, 0xff, 0xff, 0xff, 0xff, 0xff, 0xff,
    0x7f, 0x55, 0x55, 0x7f, 0xf7, 0xff, 0xff, 0x03, 0xff, 0xff, 0xff, 0xff,
    0xff, 0xff, 0xff, 0xff, 0xef, 0xee, 0xae, 0xaa, 0xaa, 0xea, 0xae, 0xee,
    0xfe, 0xaf, 0xaa, 0xaa, 0xaa, 0xaa, 0xaa, 0xaa, 0xaa, 0x08, 0x80, 0xaa,
    0xaa, 0xaa, 0xaa, 0x02, 0xff, 0xff, 0xff, 0xff, 0xff, 0xff, 0xff, 0xff,
    0xff, 0xff, 0xff, 0xff, 0xff, 0xff, 0xff, 0xff, 0xff, 0xff, 0xff, 0xff,
    0xff, 0xff, 0xff, 0xff, 0x5f, 0x55, 0x55, 0x5d, 0xdd, 0xfd, 0xff, 0x03,
    0xff, 0xff, 0xff, 0xff, 0xff, 0xff, 0xff, 0xff, 0xbf, 0xbb, 0xbb, 0xbb,
    0xbb, 0xbb, 0xbb, 0xfb, 0xff, 0xbf, 0xbb, 0xbb, 0xbb, 0xbb, 0xbb, 0xbb,
    0xab, 0x0a, 0xaa, 0xaa, 0xaa, 0xaa, 0xaa, 0x03, 0xff, 0xff, 0xff, 0xff,
    0xff, 0xff, 0xff, 0xff, 0xff, 0xff, 0xff, 0xff, 0xff, 0xff, 0xff, 0xff,
    0xff, 0xff, 0xff, 0xff, 0xff, 0xff, 0xff, 0xff, 0x57, 0x15, 0x55, 0x7f,
    0x77, 0xf7, 0xff, 0x03, 0xff, 0xff, 0xff, 0xff, 0xff, 0xff, 0xff, 0xff,
    0xef, 0xee, 0xee, 0xaa, 0xaa, 0xaa, 0xea, 0xee, 0xff, 0xff, 0xaa, 0xaa,
    0xaa, 0xaa, 0xaa, 0xaa, 0xaa, 0x0a, 0xa8, 0xaa, 0xaa, 0xaa, 0xaa, 0x02,
    0xff, 0xff, 0xff, 0xff, 0xff, 0xff, 0xff, 0xff, 0xff, 0xff, 0xff, 0xff,
    0xff, 0xff, 0xff, 0xff, 0xff, 0xff, 0xff, 0xff, 0xff, 0xff, 0xff, 0xff,
    0x5f, 0x55, 0x55, 0xdd, 0xd5, 0xdd, 0xfd, 0x03, 0xff, 0xff, 0xff, 0xff,
    0xff, 0xff, 0xff, 0xff, 0xbf, 0xbb, 0xbb, 0xbb, 0xbb, 0xbb, 0xfb, 0xff,
    0xff, 0xff, 0xab, 0xbb, 0xbb, 0xbb, 0xbb, 0xbb, 0xab, 0xaa, 0xaa, 0xaa,
    0xaa, 0xaa, 0xaa, 0x03, 0xff, 0xff, 0xff, 0xff, 0xff, 0xff, 0xff, 0xff,
    0xff, 0xff, 0xff, 0xff, 0xff, 0xff, 0xff, 0xff, 0xff, 0xff, 0xff, 0xff,
    0xff, 0xff, 0xff, 0xff, 0x77, 0x55, 0xf5, 0xf7, 0x77, 0x77, 0xff, 0x03,
    0xff, 0xff, 0xff, 0xff, 0xff, 0xff, 0xff, 0xff, 0xff, 0xee, 0xee, 0xaa,
    0xaa, 0xaa, 0xee, 0xff, 0xff, 0xff, 0xae, 0xaa, 0xea, 0xaa, 0xaa, 0xaa,
    0xaa, 0xaa, 0xa8, 0xaa, 0xaa, 0xaa, 0xaa, 0x02, 0xff, 0xff, 0xff, 0xff,
    0xff, 0xff, 0xff, 0xff, 0xff, 0xff, 0xff, 0xff, 0xff, 0xff, 0xff, 0xff,
    0xff, 0xff, 0xff, 0xff, 0xff, 0xff, 0xff, 0xff, 0x5d, 0x55, 0xfd, 0xdf,
    0xdd, 0xdd, 0xdd, 0x03, 0xff, 0xff, 0xff, 0xff, 0xff, 0xff, 0xff, 0xff,
    0xff, 0xbb, 0xbb, 0xbb, 0xbb, 0xbb, 0xff, 0xff, 0xff, 0xff, 0xbf, 0xbb,
    0xfa, 0xab, 0xbb, 0xab, 0xaa, 0xaa, 0xfa, 0xab, 0xaa, 0xaa, 0xaa, 0x02,
    0xff, 0xff, 0xff, 0xff, 0xff, 0xff, 0xff, 0xff, 0xff, 0xff, 0xff, 0xff,
    0xff, 0xff, 0xff, 0xff, 0xff, 0xff, 0xff, 0xff, 0xff, 0xff, 0xff, 0xff,
    0x7f, 0x57, 0xff, 0x77, 0x7f, 0x77, 0xf7, 0x03, 0xff, 0xff, 0xff, 0xff,
    0xff, 0xff, 0xff, 0xff, 0xff, 0xef, 0xee, 0xae, 0xea, 0xee, 0xfe, 0xff,
    0xff, 0xff, 0xff, 0xee, 0xee, 0xaf, 0xaa, 0xaa, 0xaa, 0x8a, 0xea, 0xaa,
    0xaa, 0xaa, 0xaa, 0x02, 0xff, 0xff, 0xff, 0xff, 0xff, 0xff, 0xff, 0xff,
    0xff, 0xff, 0xff, 0xff, 0xff, 0xff, 0xff, 0xff, 0xff, 0xff, 0xff, 0xff,
    0xff, 0xff, 0xff, 0xff, 0xdf, 0x55, 0xff, 0xd7, 0xff, 0x55, 0xf5, 0x03,
    0xff, 0xff, 0xff, 0xff, 0xff, 0xff, 0xff, 0xff, 0xff, 0xff, 0xff, 0xbb,
    0xbb, 0xff, 0xff, 0xff, 0xff, 0xff, 0xff, 0xff, 0xff, 0xbf, 0xbb, 0xbb,
    0xab, 0xaa, 0xfe, 0xab, 0xaa, 0xaa, 0xea, 0x03, 0xff, 0xff, 0xff, 0xff,
    0xff, 0xff, 0xff, 0xff, 0xff, 0xff, 0xff, 0xff, 0xff, 0xff, 0xff, 0xff,
    0xff, 0xff, 0xff, 0xff, 0xff, 0xff, 0xff, 0xff, 0xff, 0xff, 0xff, 0x77,
    0xff, 0x77, 0xff, 0x03, 0xff, 0xff, 0xff, 0xff, 0xff, 0xff, 0xff, 0xff,
    0xff, 0xff, 0xff, 0xef, 0xee, 0xfe, 0xff, 0xff, 0xff, 0xff, 0xff, 0xff,
    0xff, 0xaf, 0xaa, 0xaa, 0xaa, 0xaa, 0xfe, 0xaa, 0xaa, 0xaa, 0xea, 0x03,
    0xff, 0xff, 0xff, 0xff, 0xff, 0xff, 0xff, 0xff, 0xff, 0xff, 0xff, 0xff,
    0xff, 0xff, 0xff, 0xff, 0xff, 0xff, 0xff, 0xff, 0xff, 0xff, 0xff, 0xff,
    0xff, 0xff, 0xff, 0x5f, 0xfd, 0xdf, 0xff, 0x03, 0xff, 0xff, 0xff, 0xff,
    0xff, 0xff, 0xff, 0xff, 0xff, 0xff, 0xff, 0xff, 0xff, 0xff, 0xff, 0xff,
    0xff, 0xff, 0xff, 0xff, 0xff, 0xbf, 0xbb, 0xbb, 0xfb, 0xff, 0xff, 0xbf,
    0xaa, 0xaa, 0xff, 0x03, 0xff, 0xff, 0xff, 0xff, 0xff, 0xff, 0xff, 0xff,
    0xff, 0xff, 0xff, 0xff, 0xff, 0xff, 0xff, 0xff, 0xff, 0xff, 0xff, 0xff,
    0xff, 0xff, 0xff, 0xff, 0xff, 0xff, 0xff, 0x7f, 0xf7, 0xff, 0xff, 0x03,
    0xff, 0xff, 0xff, 0xff, 0xff, 0xff, 0xff, 0xff, 0xff, 0xff, 0xff, 0xff,
    0xff, 0xff, 0xff, 0xff, 0xff, 0xff, 0xff, 0xff, 0xff, 0xff, 0xaa, 0xaa,
    0xee, 0xff, 0xff, 0xaf, 0xaa, 0xea, 0xfe, 0x03, 0xff, 0xff, 0xff, 0xff,
    0xff, 0xff, 0xff, 0xff, 0xff, 0xff, 0xff, 0xff, 0xff, 0xff, 0xff, 0xff,
    0xff, 0xff, 0xff, 0xff, 0xff, 0xff, 0xff, 0xff, 0xff, 0xff, 0xff, 0xff,
    0xd5, 0xfd, 0xff, 0x03, 0xff, 0xff, 0xff, 0xff, 0xff, 0xff, 0xff, 0xff,
    0xff, 0xff, 0xff, 0xff, 0xff, 0xff, 0xff, 0xff, 0xff, 0xff, 0xff, 0xff,
    0xff, 0xff, 0xbb, 0xab, 0xff, 0xff, 0xff, 0xff, 0xab, 0xfa, 0xff, 0x03,
    0xff, 0xff, 0xff, 0xff, 0xff, 0xff, 0xff, 0xff, 0xff, 0xff, 0xff, 0xff,
    0xff, 0xff, 0xff, 0xff, 0xff, 0xff, 0xff, 0xff, 0xff, 0xff, 0xff, 0xff,
    0xff, 0xff, 0xff, 0xff, 0x77, 0xff, 0xff, 0x03, 0xff, 0xff, 0xff, 0xff,
    0xff, 0xff, 0xff, 0xff, 0xff, 0xff, 0xff, 0xff, 0xff, 0xff, 0xff, 0xff,
    0xff, 0xff, 0xff, 0xff, 0xff, 0xff, 0xef, 0xea, 0xfe, 0xff, 0xff, 0xff,
    0xaa, 0xea, 0xff, 0x03, 0xff, 0xff, 0xff, 0xff, 0xff, 0xff, 0xff, 0xff,
    0xff, 0xff, 0xff, 0xff, 0xff, 0xff, 0xff, 0xff, 0xff, 0xff, 0xff, 0xff,
    0xff, 0xff, 0xff, 0xff, 0xff, 0xff, 0xff, 0xff, 0xff, 0xff, 0xff, 0x03,
    0xff, 0xff, 0xff, 0xff, 0xff, 0xff, 0xff, 0xff, 0xff, 0xff, 0xff, 0xff,
    0xff, 0xff, 0xff, 0xff, 0xff, 0xff, 0xff, 0xff, 0xff, 0xff, 0xbf, 0xfb,
    0xff, 0xff, 0xff, 0xff, 0xff, 0xff, 0xff, 0x03, 0xff, 0xff, 0xff, 0xff,
    0xff, 0xff, 0xff, 0xff, 0xff, 0xff, 0xff, 0xff, 0xff, 0xff, 0xff, 0xff,
    0xff, 0xff, 0xff, 0xff, 0xff, 0xff, 0xff, 0xff, 0xff, 0xff, 0xff, 0xff,
    0xff, 0xff, 0xff, 0x03, 0xff, 0xff, 0xff, 0xff, 0xff, 0xff, 0xff, 0xff,
    0xff, 0xff, 0xff, 0xff, 0xff, 0xff, 0xff, 0xff, 0xff, 0xff, 0xff, 0xff,
    0xff, 0xff, 0xff, 0xee, 0xff, 0xff, 0xff, 0xff, 0xff, 0xff, 0xff, 0x03,
    0xff, 0xff, 0xff, 0xff, 0xff, 0xff, 0xff, 0xff, 0xff, 0xff, 0xff, 0xff,
    0xff, 0xff, 0xff, 0xff, 0xff, 0xff, 0xff, 0xff, 0xff, 0xff, 0xff, 0xff,
    0xff, 0xff, 0xff, 0xff, 0xff, 0xff, 0xff, 0x03, 0xff, 0xff, 0xff, 0xff,
    0xff, 0xff, 0xff, 0xff, 0xff, 0xff, 0xff, 0xff, 0xff, 0xff, 0xff, 0xff,
    0xff, 0xff, 0xff, 0xff, 0xff, 0xff, 0xff, 0xff, 0xff, 0xff, 0xff, 0xff,
    0xff, 0xff, 0xff, 0x03, 0xff, 0xff, 0xff, 0xff, 0xff, 0xff, 0xff, 0xff,
    0xff, 0xff, 0xff, 0xff, 0xff, 0xff, 0xff, 0xff, 0xff, 0xff, 0xff, 0xff,
    0xff, 0xff, 0xff, 0xff, 0xff, 0xff, 0xff, 0xff, 0xff, 0xff, 0xff, 0x03,
    0xff, 0xff, 0xff, 0xff, 0xff, 0xff, 0xff, 0xff, 0xff, 0xff, 0xff, 0xff,
    0xff, 0xff, 0xff, 0xff, 0xff, 0xff, 0xff, 0xff, 0xff, 0xff, 0xff, 0xff,
    0xff, 0xff, 0xff, 0xff, 0xff, 0xff, 0xff, 0x03, 0xff, 0xff, 0xff, 0xff,
    0xff, 0xff, 0xff, 0xff, 0xff, 0xff, 0xff, 0xff, 0xff, 0xff, 0xff, 0xff,
    0xff, 0xff, 0xff, 0xff, 0xff, 0xff, 0xff, 0xff, 0xff, 0xff, 0xff, 0xff,
    0xff, 0xff, 0xff, 0x03, 0xff, 0xff, 0xff, 0xff, 0xff, 0xff, 0xff, 0xff,
    0xff, 0xff, 0xff, 0xff, 0xff, 0xff, 0xff, 0xff, 0xff, 0xff, 0xff, 0xff,
    0xff, 0xff, 0xff, 0xff, 0xff, 0xff, 0xff, 0xff, 0xff, 0xff, 0xff, 0x03,
    0xff, 0xff, 0xff, 0xff, 0xff, 0xff, 0xff, 0xff, 0xff, 0xff, 0xff, 0xff,
    0xff, 0xff, 0xff, 0xff, 0xff, 0xff, 0xff, 0xff, 0xff, 0xff, 0xff, 0xff,
    0xff, 0xff, 0xff, 0xff, 0xff, 0xff, 0xff, 0x03, 0xff, 0xff, 0xff, 0xff,
    0xff, 0xff, 0xff, 0xff, 0xff, 0xff, 0xff, 0xff, 0xff, 0xff, 0xff, 0xff,
    0xff, 0xff, 0xff, 0xff, 0xff, 0xff, 0xff, 0xff, 0xff, 0xff, 0xff, 0xff,
    0xff, 0xff, 0xff, 0x03, 0xff, 0xff, 0xff, 0xff, 0xff, 0xff, 0xff, 0xff,
    0xff, 0xff, 0xff, 0xff, 0xff, 0xff, 0xff, 0xff, 0xff, 0xff, 0xff, 0xff,
    0xff, 0xff, 0xff, 0xff, 0xff, 0xff, 0xff, 0xff, 0xff, 0xff, 0xff, 0x03,
    0xff, 0xff, 0xff, 0xff, 0xff, 0xff, 0xff, 0xff, 0xff, 0xff, 0xff, 0xff,
    0xff, 0xff, 0xff, 0xff, 0xff, 0xff, 0xff, 0xff, 0xff, 0xff, 0xff, 0xff,
    0xff, 0xff, 0xff, 0xff, 0xff, 0xff, 0xff, 0x03, 0xff, 0xff, 0xff, 0xff,
    0xff, 0xff, 0xff, 0xff, 0xff, 0xff, 0xff, 0xff, 0xff, 0xff, 0xff, 0xff,
    0xff, 0xff, 0xff, 0xff, 0xff, 0xff, 0xff, 0xff, 0xff, 0xff, 0xff, 0xff,
    0xff, 0xff, 0xff, 0x03, 0xff, 0xff, 0xff, 0xff, 0xff, 0xff, 0xff, 0xff,
    0xff, 0xff, 0xff, 0xff, 0xff, 0xff, 0xff, 0xff, 0xff, 0xff, 0xff, 0xff,
    0xff, 0xff, 0xff, 0xff, 0xff, 0xff, 0xff, 0xff, 0xff, 0xff, 0xff, 0x03,
    0xff, 0xff, 0xff, 0xff, 0xff, 0xff, 0xff, 0xff, 0xff, 0xff, 0xff, 0xff,
    0xff, 0xff, 0xff, 0xff, 0xff, 0xff, 0xff, 0xff, 0xff, 0xff, 0xff, 0xff,
    0xff, 0xff, 0xff, 0xff, 0xff, 0xff, 0xff, 0x03, 0xff, 0xff, 0xff, 0xff,
    0xff, 0xff, 0xff, 0xff, 0xff, 0xff, 0xff, 0xff, 0xff, 0xff, 0xff, 0xff,
    0xff, 0xff, 0xff, 0xff, 0xff, 0xff, 0xff, 0xff, 0xff, 0xff, 0xff, 0xff,
    0xff, 0xff, 0xff, 0x03, 0xff, 0xff, 0xff, 0xff, 0xff, 0xff, 0xff, 0xff,
    0xff, 0xff, 0xff, 0xff, 0xff, 0xff, 0xff, 0xff, 0xff, 0xff, 0xff, 0xff,
    0xff, 0xff, 0xff, 0xff, 0xff, 0xff, 0xff, 0xff, 0xff, 0xff, 0xff, 0x03,
    0xff, 0xff, 0xff, 0xff, 0xff, 0xff, 0xff, 0xff, 0xff, 0xff, 0xff, 0xff,
    0xff, 0xff, 0xff, 0xff, 0xff, 0xff, 0xff, 0xff, 0xff, 0xff, 0xff, 0xff,
    0xff, 0xff, 0xff, 0xff, 0xff, 0xff, 0xff, 0x03, 0xff, 0xff, 0xff, 0xff,
    0xff, 0xff, 0xff, 0xff, 0xff, 0xff, 0xff, 0xff, 0xff, 0xff, 0xff, 0xff,
    0xff, 0xff, 0xff, 0xff, 0xff, 0xff, 0xff, 0xff, 0xff, 0xff, 0xff, 0xff,
    0xff, 0xff, 0xff, 0x03,
  },
  {
    /* frame 3 */
    0xff, 0xff, 0xff, 0xff, 0xff, 0xff, 0xee, 0xfe, 0xff, 0xff, 0xff, 0xff,
    0xff, 0xff, 0xff, 0xff, 0xff, 0xff, 0xff, 0xff, 0xff, 0xff, 0xff, 0xff,
    0xff, 0xff, 0xff, 0xff, 0xff, 0xff, 0xff, 0x03, 0xff, 0xff, 0xff, 0xff,
    0xff, 0xff, 0xff, 0xff, 0xff, 0xff, 0xff, 0xff, 0xff, 0xff, 0xff, 0xff,
    0xff, 0xff, 0xff, 0xff, 0xff, 0xff, 0xff, 0xff, 0xff, 0xff, 0xff, 0xff,
    0xff, 0xff, 0xff, 0x03, 0xff, 0xff, 0xff, 0xff, 0xff, 0xbf, 0xbb, 0xff,
    0xff, 0xff, 0xff, 0xff, 0xff, 0xff, 0xff, 0xff, 0xff, 0xff, 0xff, 0xff,
    0xff, 0xff, 0xff, 0xff, 0xff, 0xff, 0xff, 0xff, 0xff, 0xff, 0xff, 0x03,
    0xff, 0xff, 0xff, 0xff, 0xff, 0xff, 0xff, 0xff, 0xff, 0xff, 0xff, 0xff,
    0xff, 0xff, 0xff, 0xff, 0xff, 0xff, 0xff, 0xff, 0xff, 0xff, 0xff, 0xff,
    0xff, 0xff, 0xff, 0xff, 0xff, 0xff, 0xff, 0x03, 0xff, 0xff, 0xff, 0xff,
    0xff, 0xef, 0xee, 0xfe, 0xff, 0xff, 0xff, 0xff, 0xff, 0xff, 0xff, 0xff,
    0xff, 0xff, 0xff, 0xff, 0xff, 0xff, 0xff, 0xff, 0xff, 0xff, 0xff, 0xff,
    0xff, 0xff, 0xff, 0x03, 0xff, 0xff, 0xff, 0xff, 0xff, 0xff, 0xff, 0xff,
    0xff, 0xff, 0xff, 0xff, 0xff, 0xff, 0xff, 0xff, 0xff, 0xff, 0xff, 0xff,
    0xff, 0xff, 0xff, 0xff, 0xff, 0xff, 0xff, 0xff, 0xff, 0xff, 0xff, 0x03,
    0xff, 0xff, 0xff, 0xff, 0xff, 0xbb, 0xfb, 0xff, 0xff, 0xff, 0xff, 0xff,
    0xff, 0xff, 0xff, 0xff, 0xff, 0xff, 0xff, 0xff, 0xff, 0xff, 0xff, 0xff,
    0xff, 0xff, 0xff, 0xff, 0xff, 0xff, 0xff, 0x03, 0xff, 0xff, 0xff, 0xff,
    0xff, 0xff, 0xff, 0xff, 0xff, 0xff, 0xff, 0xff, 0xff, 0xff, 0xff, 0xff,
    0xff, 0xff, 0xff, 0xff, 0xff, 0xff, 0xff, 0xff, 0xff, 0xff, 0xff, 0xff,
    0xff, 0xff, 0xff, 0x03, 0xff, 0xff, 0xff, 0xff, 0xff, 0xee, 0xea, 0xff,
    0xff, 0xff, 0xff, 0xff, 0xff, 0xff, 0xff, 0xff, 0xff, 0xff, 0xff, 0xff,
    0xff, 0xff, 0xff, 0xff, 0xff, 0xff, 0xff, 0xff, 0xff, 0xff, 0xff, 0x03,
    0xff, 0xff, 0xff, 0xff, 0xff, 0xff, 0xff, 0xff, 0xff, 0xff, 0xff, 0xff,
    0xff, 0xff, 0xff, 0xff, 0xff, 0xff, 0xff, 0xff, 0xff, 0xff, 0xff, 0xff,
    0xff, 0xff, 0xff, 0xff, 0xff, 0xff, 0xff, 0x03, 0xff, 0xff, 0xff, 0xff,
    0xff, 0xbb, 0xfb, 0xff, 0xff, 0xff, 0xff, 0xff, 0xff, 0xff, 0xff, 0xff,
    0xff, 0xff, 0xff, 0xff, 0xff, 0xff, 0xff, 0xff, 0xff, 0xff, 0xff, 0xff,
    0xff, 0xff, 0xff, 0x03, 0xff, 0xff, 0xff, 0xff, 0xff, 0xff, 0xff, 0xff,
    0xff, 0xff, 0xff, 0xff, 0xff, 0xff, 0xff, 0xff, 0xff, 0xff, 0xff, 0xff,
    0xff, 0xff, 0xff, 0xff, 0xff, 0xff, 0xff, 0xff, 0xff, 0xff, 0xff, 0x03,
    0xff, 0xff, 0xff, 0xff, 0xff, 0xae, 0xee, 0xff, 0xff, 0xff, 0xff, 0xff,
    0xff, 0xff, 0xee, 0xff, 0xff, 0xff, 0xff, 0xff, 0xff, 0xff, 0xff, 0xff,
    0xff, 0xff, 0xff, 0xff, 0xff, 0xff, 0xff, 0x03, 0xff, 0xff, 0xff, 0xff,
    0xff, 0xff, 0xff, 0xff, 0xff, 0xff, 0xff, 0xff, 0xff, 0xff, 0xff, 0xff,
    0xff, 0xff, 0xff, 0xff, 0xff, 0xff, 0xff, 0xff, 0xff, 0xff, 0xff, 0xff,
    0xff, 0xff, 0xff, 0x03, 0xff, 0xff, 0xff, 0xff, 0xbf, 0xbb, 0xff, 0xff,
    0xff, 0xff, 0xff, 0xff, 0xff, 0xbf, 0xbb, 0xff, 0xff, 0xff, 0xff, 0xff,
    0xff, 0xff, 0xff, 0xff, 0xff, 0xff, 0xff, 0xff, 0xff, 0xff, 0xff, 0x03,
    0xff, 0xff, 0xff, 0xff, 0xff, 0xff, 0xff, 0xff, 0xff, 0xff, 0xff, 0xff,
    0xff, 0xff, 0xff, 0xff, 0xff, 0xff, 0xff, 0xff, 0xff, 0xff, 0xff, 0xff,
    0xff, 0xff, 0xff, 0xff, 0xff, 0xff, 0xff, 0x03, 0xff, 0xff, 0xff, 0xff,
    0xef, 0xea, 0xfe, 0xff, 0xff, 0xff, 0xff, 0xff, 0xff, 0xef, 0xae, 0xfe,
    0xfe, 0xff, 0xff, 0xff, 0xff, 0xff, 0xff, 0xff, 0xff, 0xff, 0xff, 0xff,
    0xff, 0xff, 0xff, 0x03, 0xff, 0xff, 0xff, 0xff, 0xff, 0xff, 0xff, 0xff,
    0xff, 0xff, 0xff, 0xff, 0xff, 0xff, 0xff, 0xff, 0xff, 0xff, 0xff, 0xff,
    0xff, 0xff, 0xff, 0xff, 0xff, 0xff, 0xff, 0xff, 0xff, 0xff, 0xff, 0x03,
    0xff, 0xff, 0xff, 0xff, 0xbb, 0xfb, 0xff, 0xff, 0xff, 0xff, 0xff, 0xff,
    0xff, 0xbb, 0xbb, 0xbb, 0xfb, 0xff, 0xff, 0xff, 0xff, 0xff, 0xff, 0xff,
    0xff, 0xff, 0xff, 0xff, 0xff, 0xff, 0xff, 0x03, 0xff, 0xff, 0xff, 0xff,
    0xff, 0xff, 0xff, 0xff, 0xff, 0xff, 0xff, 0xff, 0xff, 0xff, 0xff, 0xff,
    0xff, 0xff, 0xff, 0xff, 0xff, 0xff, 0xff, 0xff, 0xff, 0xff, 0xff, 0xff,
    0xff, 0xff, 0xff, 0x03, 0xff, 0xff, 0xff, 0xff, 0xee, 0xea, 0xff, 0xff,
    0xff, 0xff, 0xff, 0xff, 0xff, 0xee, 0xee, 0xaa, 0xea, 0xee, 0xee, 0xfe,
    0xff, 0xee, 0xff, 0xff, 0xff, 0xff, 0xff, 0xff, 0xef, 0xee, 0xfe, 0x03,
    0xff, 0xff, 0xff, 0xff, 0xff, 0xff, 0xff, 0xff, 0xff, 0xff, 0xff, 0xff,
    0xff, 0xff, 0xff, 0xff, 0xff, 0xff, 0xff, 0xff, 0xff, 0xff, 0xff, 0xff,
    0xff, 0xff, 0xff, 0xff, 0xff, 0xff, 0xff, 0x03, 0xff, 0xff, 0xff, 0xff,
    0xbb, 0xfb, 0xff, 0xff, 0xff, 0xff, 0xff, 0xff, 0xbf, 0xbb, 0xbb, 0xbb,
    0xbb, 0xbb, 0xbb, 0xff, 0xbf, 0xbb, 0xff, 0xff, 0xff, 0xff, 0xff, 0xff,
    0xbf, 0xaa, 0xff, 0x03, 0xff, 0xff, 0xff, 0xff, 0xff, 0xff, 0xff, 0xff,
    0xff, 0xff, 0xff, 0xff, 0xff, 0xff, 0xff, 0xff, 0xff, 0xff, 0xff, 0xff,
    0xff, 0xff, 0xff, 0xff, 0xff, 0xff, 0xff, 0xff, 0x7f, 0xf7, 0xff, 0x03,
    0xff, 0xff, 0xff, 0xff, 0xee, 0xea, 0xff, 0xff, 0xff, 0xff, 0xff, 0xff,
    0xef, 0xee, 0xee, 0xaa, 0xae, 0xaa, 0xaa, 0xee, 0xae, 0xaa, 0xee, 0xff,
    0xff, 0xff, 0xff, 0xff, 0xaf, 0xaa, 0xfe, 0x03, 0xff, 0xff, 0xff, 0xff,
    0xff, 0xff, 0xff, 0xff, 0xff, 0xff, 0xff, 0xff, 0xff, 0xff, 0xff, 0xff,
    0xff, 0xff, 0xff, 0xff, 0x5f, 0xfd, 0xff, 0xff, 0xff, 0xff, 0xff, 0xff,
    0x5f, 0xd5, 0xff, 0x03, 0xff, 0xff, 0xff, 0xbf, 0xbb, 0xfa, 0xff, 0xff,
    0xff, 0xff, 0xff, 0xff, 0xbb, 0xbb, 0xbb, 0xbb, 0xbb, 0xbb, 0xbb, 0xbb,
    0xab, 0xba, 0xfb, 0xff, 0xff, 0xff, 0xff, 0xff, 0xab, 0xaa, 0xff, 0x03,
    0xff, 0xff, 0xff, 0xff, 0xff, 0xff, 0xff, 0xff, 0xff, 0xff, 0xff, 0xff,
    0xff, 0xff, 0xff, 0xff, 0xff, 0xff, 0xff, 0xff, 0x7f, 0xff, 0xff, 0xff,
    0xff, 0xff, 0xff, 0xff, 0x77, 0xf7, 0xff, 0x03, 0xff, 0xff, 0xff, 0xef,
    0xae, 0xea, 0xff, 0xff, 0xff, 0xff, 0xfe, 0xff, 0xee, 0xae, 0xae, 0xaa,
    0xaa, 0xaa, 0xaa, 0xaa, 0xaa, 0xaa, 0xea, 0xff, 0xff, 0xff, 0xff, 0xee,
    0xaa, 0xaa, 0xfe, 0x03, 0xff, 0xff, 0xff, 0xff, 0xff, 0xff, 0xff, 0xff,
    0xff, 0xff, 0xff, 0xff, 0xff, 0xff, 0xff, 0x5f, 0xfd, 0xff, 0xff, 0xff,
    0xdf, 0xff, 0xff, 0xff, 0xff, 0xff, 0xff, 0xff, 0xd5, 0xfd, 0xff, 0x03,
    0xff, 0xff, 0xff, 0xbf, 0xbb, 0xfa, 0xff, 0xff, 0xff, 0xbf, 0xff, 0xbf,
    0xbb, 0xbb, 0xbb, 0xaa, 0xba, 0xbb, 0xbb, 0xbb, 0xbb, 0xba, 0xbb, 0xff,
    0xff, 0xff, 0xff, 0xab, 0xaa, 0xaa, 0xff, 0x03, 0xff, 0xff, 0xff, 0xff,
    0xff, 0xff, 0xff, 0xff, 0xff, 0xff, 0xff, 0xff, 0xff, 0xff, 0xff, 0x57,
    0xff, 0xff, 0xff, 0xff, 0xff, 0xff, 0xff, 0xff, 0xff, 0xff, 0xff, 0x77,
    0x77, 0xff, 0xff, 0x03, 0xef, 0xff, 0xff, 0xef, 0xae, 0xea, 0xfe, 0xff,
    0xef, 0xae, 0xee, 0xee, 0xee, 0xae, 0xaa, 0xaa, 0xaa, 0xaa, 0xaa, 0xaa,
    0xaa, 0xaa, 0xaa, 0xfe, 0xff, 0xee, 0xee, 0xaa, 0xaa, 0xaa, 0xee, 0x02,
    0xff, 0xff, 0xff, 0xff, 0xff, 0xff, 0xff, 0xff, 0xff, 0xff, 0xff, 0xff,
    0xff, 0xff, 0xff, 0xdf, 0xff, 0xff, 0xff, 0xff, 0xff, 0xff, 0x5f, 0xff,
    0xff, 0xff, 0xff, 0x55, 0xdd, 0xdd, 0xff, 0x03, 0xfb, 0xff, 0xff, 0xbb,
    0xbb, 0xbb, 0xff, 0xff, 0xbb, 0xbb, 0xbb, 0xbb, 0xbb, 0xbb, 0xbb, 0xab,
    0xba, 0xbb, 0xbb, 0xbb, 0xab, 0xaa, 0xaa, 0xba, 0xbf, 0xbb, 0xaa, 0xaa,
    0xaa, 0xaa, 0xaa, 0x03, 0xff, 0xff, 0xff, 0xff, 0xff, 0xff, 0xff, 0xff,
    0xff, 0xff, 0xff, 0xff, 0xff, 0xff, 0xff, 0xff, 0xff, 0xff, 0xff, 0xff,
    0x7f, 0x77, 0x57, 0xff, 0xff, 0x7f, 0x77, 0x77, 0xf7, 0x77, 0xf7, 0x03,
    0xee, 0xff, 0xff, 0xee, 0xae, 0xaa, 0xfe, 0xff, 0xee, 0xaa, 0xaa, 0xee,
    0xee, 0xaa, 0xaa, 0xea, 0xaa, 0xaa, 0xaa, 0xaa, 0xaa, 0xaa, 0x8a, 0xaa,
    0xae, 0xaa, 0xaa, 0xaa, 0xaa, 0xaa, 0xaa, 0x02, 0xff, 0xff, 0xff, 0xff,
    0xff, 0xff, 0xff, 0xff, 0xff, 0xff, 0xff, 0xff, 0xff, 0xff, 0xff, 0xff,
    0xff, 0xff, 0xff, 0xff, 0xdf, 0x55, 0x55, 0xd5, 0xff, 0x55, 0x55, 0xdd,
    0xdd, 0x5d, 0xd5, 0x03, 0xff, 0xff, 0xff, 0xbb, 0xbb, 0xfa, 0xff, 0xbf,
    0xbb, 0xbb, 0xbb, 0xbb, 0xbb, 0xbb, 0xbb, 0xbb, 0xbb, 0xbb, 0xbb, 0xbb,
    0xaa, 0xaa, 0xaa, 0xaa, 0xba, 0xaa, 0xaa, 0xaa, 0xaa, 0xaa, 0xaa, 0x03,
    0xff, 0xff, 0xff, 0xff, 0xff, 0xff, 0xff, 0xff, 0xff, 0xff, 0xff, 0xff,
    0xff, 0xff, 0xff, 0xff, 0xff, 0xff, 0xff, 0xff, 0x7f, 0x55, 0x55, 0x55,
    0xff, 0x57, 0x55, 0x77, 0x7f, 0x77, 0xf7, 0x03, 0xff, 0xff, 0xff, 0xee,
    0xea, 0xee, 0xff, 0xef, 0xee, 0xae, 0xea, 0xee, 0xee, 0xaa, 0xaa, 0xaa,
    0xaa, 0xaa, 0xaa, 0xaa, 0xaa, 0x8a, 0xaa, 0x88, 0xaa, 0x8a, 0x80, 0xaa,
    0xaa, 0xaa, 0xaa, 0x02, 0xff, 0xff, 0xff, 0xff, 0xff, 0xff, 0xff, 0xff,
    0xff, 0xff, 0xff, 0xff, 0xff, 0xff, 0xff, 0xff, 0xff, 0xff, 0xff, 0xff,
    0x5f, 0x55, 0x55, 0x55, 0x55, 0x55, 0x45, 0xd5, 0xdd, 0xdd, 0xdd, 0x03,
    0xff, 0xff, 0xff, 0xbb, 0xfb, 0xff, 0xff, 0xbb, 0xbb, 0xbb, 0xbb, 0xbb,
    0xbb, 0xbb, 0xbb, 0xbb, 0xbb, 0xbb, 0xbb, 0xbb, 0xaa, 0xaa, 0xaa, 0xaa,
    0xaa, 0xaa, 0x00, 0xaa, 0xaa, 0xaa, 0xaa, 0x03, 0xff, 0xff, 0xff, 0xff,
    0xff, 0xff, 0xff, 0xff, 0xff, 0xff, 0xff, 0xff, 0xff, 0xff, 0xff, 0xff,
    0xff, 0xff, 0xff, 0xff, 0x57, 0x55, 0x55, 0x55, 0x55, 0x55, 0x15, 0xf5,
    0x77, 0x77, 0xf7, 0x03, 0xfe, 0xff, 0xff, 0xae, 0xea, 0xff, 0xff, 0xee,
    0xee, 0xae, 0xaa, 0xee, 0xee, 0xaa, 0xaa, 0xaa, 0xaa, 0xaa, 0xaa, 0xaa,
    0xaa, 0x8a, 0x88, 0x8a, 0x88, 0xaa, 0x00, 0xa8, 0xaa, 0xaa, 0xaa, 0x02,
    0xff, 0xff, 0xff, 0xff, 0xff, 0xff, 0xff, 0xff, 0xff, 0xff, 0xff, 0xff,
    0xff, 0xff, 0xff, 0xff, 0xff, 0xd5, 0xff, 0xff, 0x55, 0x55, 0x54, 0x55,
    0x55, 0x55, 0x05, 0xd4, 0xd5, 0xdd, 0xdd, 0x03, 0xff, 0xff, 0xff, 0xbb,
    0xfb, 0xff, 0xff, 0xbb, 0xbb, 0xbb, 0xbb, 0xbb, 0xbb, 0xbb, 0xbb, 0xbb,
    0xbb, 0xaa, 0xbb, 0xaa, 0xaa, 0x2a, 0xa0, 0xaa, 0xaa, 0xaa, 0x02, 0xaa,
    0xaa, 0xaa, 0xaa, 0x03, 0xff, 0xff, 0xff, 0xff, 0xff, 0xff, 0xff, 0xff,
    0xff, 0xff, 0xff, 0xff, 0xff, 0xff, 0xff, 0xff, 0xff, 0xf7, 0xff, 0x77,
    0x55, 0x15, 0x51, 0x55, 0x55, 0x55, 0x55, 0x75, 0x77, 0xf7, 0xff, 0x03,
    0xfe, 0xff, 0xff, 0xae, 0xea, 0xff, 0xff, 0xee, 0xee, 0xee, 0xaa, 0xee,
    0xee, 0xae, 0xaa, 0xaa, 0xaa, 0xaa, 0xaa, 0xaa, 0x8a, 0x00, 0x80, 0xaa,
    0x88, 0x88, 0x08, 0xa8, 0xaa, 0xaa, 0xaa, 0x02, 0xff, 0xff, 0xff, 0xff,
    0xff, 0xff, 0xff, 0xff, 0xff, 0xff, 0xff, 0xff, 0xff, 0xff, 0xff, 0xff,
    0xff, 0xfd, 0xff, 0x5d, 0x55, 0x05, 0x40, 0x55, 0x55, 0x55, 0x55, 0xd5,
    0xdd, 0xdd, 0xff, 0x03, 0xff, 0xff, 0xff, 0xbb, 0xfb, 0xff, 0xff, 0xbb,
    0xbb, 0xbb, 0xbb, 0xbb, 0xbb, 0xbb, 0xbb, 0xbb, 0xbb, 0xab, 0xab, 0xaa,
    0xaa, 0x00, 0x00, 0xaa, 0x00, 0x00, 0xa0, 0xaa, 0xaa, 0xaa, 0xaa, 0x03,
    0xff, 0xff, 0xff, 0xff, 0xff, 0xff, 0xff, 0xff, 0xff, 0xff, 0xff, 0xff,
    0xff, 0xff, 0xff, 0xff, 0xff, 0xff, 0xff, 0x7f, 0x55, 0x55, 0x15, 0x55,
    0x11, 0x11, 0x51, 0x75, 0x77, 0xf7, 0xff, 0x03, 0xff, 0xff, 0xff, 0xee,
    0xea, 0xfe, 0xff, 0xee, 0xee, 0xee, 0xaa, 0xee, 0xee, 0xae, 0xaa, 0xaa,
    0xaa, 0xae, 0xaa, 0xaa, 0xa8, 0x00, 0x00, 0x08, 0x00, 0x00, 0x80, 0xaa,
    0xaa, 0xaa, 0xaa, 0x02, 0xff, 0xff, 0xff, 0xff, 0xff, 0xff, 0xff, 0xff,
    0xff, 0xff, 0xff, 0xff, 0xff, 0xff, 0xff, 0xff, 0xff, 0xff, 0xff, 0x5f,
    0x55, 0x55, 0x15, 0x54, 0x44, 0x44, 0x44, 0x55, 0xdd, 0xfd, 0xff, 0x03,
    0xff, 0xff, 0xff, 0xbb, 0xab, 0xff, 0xff, 0xbb, 0xbb, 0xbb, 0xbb, 0xbb,
    0xbb, 0xbb, 0xbb, 0xbb, 0xbb, 0xbb, 0xbb, 0xab, 0xaa, 0xaa, 0x02, 0x00,
    0x00, 0x00, 0x00, 0xaa, 0xaa, 0xaa, 0xbb, 0x03, 0xff, 0xff, 0xff, 0xff,
    0xff, 0xff, 0xff, 0xff, 0xff, 0xff, 0xff, 0xff, 0xff, 0xff, 0xff, 0xff,
    0xff, 0xff, 0xff, 0x7f, 0x57, 0x55, 0x55, 0x11, 0x11, 0x11, 0x11, 0x55,
    0x77, 0xff, 0xff, 0x03, 0xff, 0xff, 0xff, 0xef, 0xaa, 0xfe, 0xff, 0xef,
    0xee, 0xee, 0xae, 0xee, 0xee, 0xae, 0xaa, 0xaa, 0xaa, 0xaa, 0xaa, 0xaa,
    0x8a, 0xa8, 0x0a, 0x00, 0x00, 0x00, 0x00, 0x88, 0xaa, 0xaa, 0xaa, 0x02,
    0xff, 0xff, 0xff, 0xff, 0xff, 0xff, 0xff, 0xff, 0xff, 0xff, 0xff, 0xff,
    0xff, 0xff, 0xff, 0xff, 0xff, 0xff, 0xff, 0xff, 0x55, 0x55, 0x55, 0x15,
    0x44, 0x04, 0x00, 0x54, 0xdd, 0xdd, 0xdd, 0x03, 0xff, 0xff, 0xff, 0xbf,
    0xfb, 0xff, 0xff, 0xbf, 0xbb, 0xbb, 0xbb, 0xbb, 0xbb, 0xbb, 0xbb, 0xbb,
    0xbb, 0xbb, 0xbb, 0xab, 0xaa, 0xaa, 0xaa, 0x02, 0x00, 0x00, 0x00, 0xa0,
    0xaa, 0xaa, 0xaa, 0x02, 0xff, 0xff, 0xff, 0xff, 0xff, 0xff, 0xff, 0xff,
    0xff, 0xff, 0xff, 0xff, 0xff, 0xff, 0xff, 0xff, 0xff, 0xff, 0xff, 0xff,
    0x7f, 0x55, 0x55, 0x57, 0x11, 0x11, 0x10, 0x51, 0x77, 0x77, 0x77, 0x03,
    0xff, 0xff, 0xff, 0xff, 0xee, 0xff, 0xff, 0xef, 0xee, 0xee, 0xae, 0xea,
    0xee, 0xae, 0xaa, 0xaa, 0xaa, 0xaa, 0xaa, 0xaa, 0xaa, 0xaa, 0xa8, 0x0a,
    0x00, 0x00, 0x00, 0x80, 0xaa, 0xaa, 0xaa, 0x02, 0xff, 0xff, 0xff, 0xff,
    0xff, 0xff, 0xff, 0xff, 0xff, 0xff, 0xff, 0xff, 0xff, 0xff, 0xff, 0xff,
    0xff, 0xff, 0xff, 0xff, 0x5d, 0x5d, 0x55, 0x55, 0x45, 0x04, 0x40, 0x40,
    0xdd, 0x5d, 0xd5, 0x01, 0xff, 0xff, 0xff, 0xff, 0xff, 0xff, 0xff, 0xbf,
    0xbb, 0xbb, 0xbb, 0xbb, 0xbb, 0xbb, 0xbb, 0xbb, 0xbb, 0xbb, 0xbb, 0xbb,
    0xaa, 0xaa, 0xaa, 0x2a, 0x00, 0x00, 0x00, 0xa0, 0xaa, 0xaa, 0xaa, 0x02,
    0xff, 0xff, 0xff, 0xff, 0xff, 0xff, 0xff, 0xff, 0xff, 0xff, 0xff, 0xff,
    0xff, 0xff, 0xff, 0xff, 0xff, 0xff, 0xff, 0xff, 0xff, 0xff, 0x57, 0x55,
    0x15, 0x11, 0x11, 0x51, 0x77, 0x77, 0x77, 0x03, 0xff, 0xff, 0xff, 0xff,
    0xff, 0xff, 0xff, 0xfe, 0xee, 0xee, 0xee, 0xaa, 0xee, 0xee, 0xaa, 0xaa,
    0xaa, 0xaa, 0xaa, 0xaa, 0xaa, 0xaa, 0x8a, 0xa8, 0x00, 0x00, 0x00, 0x80,
    0xaa, 0xaa, 0xaa, 0x02, 0xff, 0xff, 0xff, 0xff, 0xff, 0xff, 0xff, 0xff,
    0xff, 0xff, 0xff, 0xff, 0xff, 0xff, 0xff, 0xff, 0xff, 0xff, 0xff, 0xff,
    0xff, 0xff, 0x55, 0x55, 0x55, 0x44, 0x04, 0x54, 0xdd, 0xdd, 0xdd, 0x01,
    0xff, 0xff, 0xff, 0xff, 0xff, 0xff, 0xbf, 0xff, 0xbb, 0xbb, 0xbb, 0xbb,
    0xbb, 0xbb, 0xbb, 0xbb, 0xbb, 0xbb, 0xbb, 0xbb, 0xbb, 0xbb, 0xaa, 0xaa,
    0x02, 0x00, 0x00, 0xaa, 0xaa, 0xaa, 0xaa, 0x02, 0xff, 0xff, 0xff, 0xff,
    0xff, 0xff, 0xff, 0xff, 0xff, 0xff, 0xff, 0xff, 0xff, 0xff, 0xff, 0xff,
    0xff, 0xff, 0xff, 0xff, 0xff, 0xff, 0x77, 0x55, 0x55, 0x11, 0x11, 0x55,
    0x77, 0x77, 0x77, 0x03, 0xff, 0xff, 0xff, 0xff, 0xff, 0xff, 0xaf, 0xfe,
    0xee, 0xee, 0xee, 0xaa, 0xee, 0xee, 0xae, 0xee, 0xee, 0xee, 0xaa, 0xaa,
    0xaa, 0xaa, 0xaa, 0x88, 0x0a, 0x00, 0x00, 0xa8, 0xaa, 0xaa, 0xaa, 0x02,
    0xff, 0xff, 0xff, 0xff, 0xff, 0xff, 0xff, 0xff, 0xff, 0xff, 0xff, 0xff,
    0xff, 0xff, 0xff, 0xff, 0xff, 0xff, 0xff, 0xff, 0xff, 0xff, 0x5d, 0x55,
    0x55, 0x45, 0x40, 0x55, 0x5d, 0x5d, 0xd5, 0x03, 0xff, 0xff, 0xff, 0xff,
    0xff, 0xff, 0xbb, 0xfa, 0xbb, 0xbb, 0xbb, 0xbb, 0xfb, 0xbf, 0xbb, 0xbb,
    0xfb, 0xff, 0xab, 0xbb, 0xbb, 0xab, 0xaa, 0xaa, 0x2a, 0x00, 0xa0, 0xaa,
    0xaa, 0xaa, 0xaa, 0x03, 0xff, 0xff, 0xff, 0xff, 0xff, 0xff, 0xff, 0xff,
    0xff, 0xff, 0xff, 0xff, 0xff, 0xff, 0xff, 0xff, 0xff, 0xff, 0xff, 0xff,
    0xff, 0xff, 0xff, 0x57, 0x55, 0x15, 0x51, 0x75, 0x7f, 0x77, 0xf7, 0x03,
    0xff, 0xff, 0xff, 0xff, 0xff, 0xff, 0xae, 0xea, 0xee, 0xee, 0xee, 0xee,
    0xee, 0xff, 0xee, 0xee, 0xee, 0xff, 0xae, 0xaa, 0xaa, 0xaa, 0xaa, 0xaa,
    0xaa, 0x00, 0x80, 0xaa, 0xaa, 0xaa, 0xaa, 0x02, 0xff, 0xff, 0xff, 0xff,
    0xff, 0xff, 0xff, 0xff, 0xff, 0xff, 0xff, 0xff, 0xff, 0xff, 0xff, 0xff,
    0xff, 0xff, 0xff, 0xff, 0xff, 0xdf, 0xff, 0xfd, 0x55, 0x05, 0x54, 0xdd,
    0xdd, 0xfd, 0xff, 0x03, 0xff, 0xff, 0xff, 0xff, 0xff, 0xff, 0xbb, 0xab,
    0xbf, 0xbb, 0xbb, 0xff, 0xff, 0xff, 0xbb, 0xfb, 0xff, 0xff, 0xbf, 0xba,
    0xbb, 0xaa, 0xbb, 0xba, 0xaa, 0x00, 0xaa, 0xaa, 0xaa, 0xaa, 0xab, 0x03,
    0xff, 0xff, 0xff, 0xff, 0xff, 0xff, 0xff, 0xff, 0xff, 0xff, 0xff, 0xff,
    0xff, 0xff, 0xff, 0xff, 0xff, 0xff, 0xff, 0xff, 0xff, 0xff, 0xff, 0xff,
    0x57, 0x15, 0x55, 0x7f, 0xf7, 0xff, 0xff, 0x03, 0xff, 0xff, 0xff, 0xff,
    0xff, 0xff, 0xef, 0xaa, 0xee, 0xea, 0xee, 0xfe, 0xff, 0xff, 0xef, 0xee,
    0xff, 0xff, 0xaf, 0xaa, 0xaa, 0xaa, 0xaa, 0xae, 0xaa, 0x00, 0xa8, 0xaa,
    0xaa, 0xaa, 0xaa, 0x02, 0xff, 0xff, 0xff, 0xff, 0xff, 0xff, 0xff, 0xff,
    0xff, 0xff, 0xff, 0xff, 0xff, 0xff, 0xff, 0xff, 0xff, 0xff, 0xff, 0xff,
    0xff, 0xff, 0xff, 0x7f, 0x55, 0x55, 0xd5, 0x5d, 0xdd, 0xfd, 0xff, 0x03,
    0xff, 0xff, 0xff, 0xff, 0xff, 0xff, 0xbf, 0xbb, 0xbb, 0xbb, 0xbb, 0xfb,
    0xff, 0xff, 0xff, 0xff, 0xff, 0xff, 0xbb, 0xbb, 0xbb, 0xbb, 0xbb, 0xab,
    0xaa, 0xaa, 0xaa, 0xaa, 0xaa, 0xaa, 0xaa, 0x03, 0xff, 0xff, 0xff, 0xff,
    0xff, 0xff, 0xff, 0xff, 0xff, 0xff, 0xff, 0xff, 0xff, 0xff, 0xff, 0xff,
    0xff, 0xff, 0xff, 0xff, 0xff, 0xff, 0xff, 0x7f, 0x55, 0x55, 0xf5, 0x77,
    0x77, 0xf7, 0xff, 0x03, 0xff, 0xff, 0xff, 0xff, 0xff, 0xff, 0xef, 0xae,
    0xaa, 0xea, 0xee, 0xea, 0xff, 0xff, 0xff, 0xff, 0xff, 0xff, 0xae, 0xaa,
    0xaa, 0xaa, 0xaa, 0xaa, 0x0a, 0xa8, 0xaa, 0xaa, 0xaa, 0xaa, 0xaa, 0x02,
    0xff, 0xff, 0xff, 0xff, 0xff, 0xff, 0xff, 0xff, 0xff, 0xff, 0xff, 0xff,
    0xff, 0xff, 0xff, 0xff, 0xff, 0xff, 0xff, 0xff, 0xff, 0xff, 0xff, 0x55,
    0x55, 0xd5, 0xd5, 0xdd, 0xd5, 0xdd, 0xfd, 0x03, 0xff, 0xff, 0xff, 0xff,
    0xff, 0xff, 0xbf, 0xbb, 0xbb, 0xbb, 0xbb, 0xfb, 0xff, 0xff, 0xff, 0xff,
    0xff, 0xff, 0xbb, 0xbb, 0xbb, 0xbb, 0xbb, 0xaa, 0x0a, 0xaa, 0xaa, 0xaa,
    0xaa, 0xaa, 0xaa, 0x03, 0xff, 0xff, 0xff, 0xff, 0xff, 0xff, 0xff, 0xff,
    0xff, 0xff, 0xff, 0xff, 0xff, 0xff, 0xff, 0xff, 0xff, 0xff, 0xff, 0xff,
    0xff, 0xff, 0xff, 0x57, 0x15, 0xf5, 0x7f, 0xf7, 0x77, 0x77, 0xff, 0x03,
    0xff, 0xff, 0xff, 0xff, 0xff, 0xff, 0xff, 0xee, 0xaa, 0xaa, 0xea, 0xee,
    0xff, 0xff, 0xff, 0xff, 0xff, 0xff, 0xaf, 0xaa, 0xaa, 0xaa, 0xaa, 0x8a,
    0x00, 0xa8, 0xaa, 0xaa, 0xaa, 0xaa, 0xaa, 0x02, 0xff, 0xff, 0xff, 0xff,
    0xff, 0xff, 0xff, 0xff, 0xff, 0xff, 0xff, 0xff, 0xff, 0xff, 0xff, 0xff,
    0xff, 0xff, 0xff, 0xff, 0xff, 0xff, 0x5f, 0x55, 0x45, 0xd5, 0xff, 0xdd,
    0xdd, 0xdd, 0xdd, 0x03, 0xff, 0xff, 0xff, 0xff, 0xff, 0xff, 0xff, 0xbb,
    0xbb, 0xbb, 0xbb, 0xfb, 0xff, 0xff, 0xff, 0xff, 0xff, 0xff, 0xbf, 0xbb,
    0xbb, 0xbb, 0xaa, 0xaa, 0xa0, 0xaa, 0xfe, 0xab, 0xaa, 0xaa, 0xaa, 0x02,
    0xff, 0xff, 0xff, 0xff, 0xff, 0xff, 0xff, 0xff, 0xff, 0xff, 0xff, 0xff,
    0xff, 0xff, 0xff, 0xff, 0xff, 0xff, 0xff, 0xff, 0xff, 0xff, 0x57, 0x55,
    0x51, 0xf5, 0xff, 0x77, 0x7f, 0x77, 0xf7, 0x03, 0xff, 0xff, 0xff, 0xff,
    0xff, 0xff, 0xff, 0xef, 0xee, 0xaa, 0xaa, 0xee, 0xff, 0xff, 0xff, 0xff,
    0xff, 0xff, 0xff, 0xaa, 0xaa, 0xaa, 0xaa, 0xaa, 0x80, 0xa8, 0xfe, 0xaa,
    0xaa, 0xaa, 0xaa, 0x02, 0xff, 0xff, 0xff, 0xff, 0xff, 0xff, 0xff, 0xff,
    0xff, 0xff, 0xff, 0xff, 0xff, 0xff, 0xff, 0xff, 0xff, 0xff, 0xff, 0xff,
    0xff, 0xff, 0x5f, 0x5d, 0x55, 0xd5, 0xff, 0xd5, 0xff, 0x55, 0xf5, 0x03,
    0xff, 0xff, 0xff, 0xff, 0xff, 0xff, 0xff, 0xff, 0xbb, 0xbb, 0xbb, 0xfb,
    0xff, 0xff, 0xff, 0xff, 0xff, 0xff, 0xff, 0xbb, 0xbb, 0xbb, 0xab, 0xaa,
    0xaa, 0xea, 0xff, 0xab, 0xaa, 0xaa, 0xea, 0x03, 0xff, 0xff, 0xff, 0xff,
    0xff, 0xff, 0xff, 0xff, 0xff, 0xff, 0xff, 0xff, 0xff, 0xff, 0xff, 0xff,
    0xff, 0xff, 0xff, 0xff, 0xff, 0xff, 0xff, 0x7f, 0x55, 0xf5, 0xff, 0x77,
    0xff, 0x77, 0xff, 0x03, 0xff, 0xff, 0xff, 0xff, 0xff, 0xff, 0xff, 0xff,
    0xef, 0xae, 0xaa, 0xee, 0xff, 0xff, 0xff, 0xff, 0xff, 0xff, 0xff, 0xef,
    0xae, 0xaa, 0xaa, 0xaa, 0xaa, 0xea, 0xff, 0xaa, 0xaa, 0xaa, 0xea, 0x03,
    0xff, 0xff, 0xff, 0xff, 0xff, 0xff, 0xff, 0xff, 0xff, 0xff, 0xff, 0xff,
    0xff, 0xff, 0xff, 0xff, 0xff, 0xff, 0xff, 0xff, 0xff, 0xff, 0xff, 0x5d,
    0x5d, 0xfd, 0xff, 0x5f, 0xfd, 0xdf, 0xff, 0x03, 0xff, 0xff, 0xff, 0xff,
    0xff, 0xff, 0xff, 0xff, 0xff, 0xbf, 0xba, 0xff, 0xff, 0xff, 0xff, 0xff,
    0xff, 0xff, 0xff, 0xff, 0xbf, 0xba, 0xbb, 0xaa, 0xaa, 0xfe, 0xff, 0xbf,
    0xaa, 0xaa, 0xff, 0x03, 0xff, 0xff, 0xff, 0xff, 0xff, 0xff, 0xff, 0xff,
    0xff, 0xff, 0xff, 0xff, 0xff, 0xff, 0xff, 0xff, 0xff, 0xff, 0xff, 0xff,
    0xff, 0xff, 0xff, 0xff, 0xff, 0xff, 0xff, 0x7f, 0xf7, 0xff, 0xff, 0x03,
    0xff, 0xff, 0xff, 0xff, 0xff, 0xff, 0xff, 0xff, 0xff, 0xef, 0xee, 0xfe,
    0xff, 0xff, 0xff, 0xff, 0xff, 0xff, 0xff, 0xff, 0xef, 0xaa, 0xaa, 0xaa,
    0xaa, 0xfe, 0xff, 0xaf, 0xaa, 0xea, 0xfe, 0x03, 0xff, 0xff, 0xff, 0xff,
    0xff, 0xff, 0xff, 0xff, 0xff, 0xff, 0xff, 0xff, 0xff, 0xff, 0xff, 0xff,
    0xff, 0xff, 0xff, 0xff, 0xff, 0xff, 0xff, 0xff, 0xff, 0xff, 0xff, 0xff,
    0xd5, 0xfd, 0xff, 0x03, 0xff, 0xff, 0xff, 0xff, 0xff, 0xff, 0xff, 0xff,
    0xff, 0xff, 0xff, 0xff, 0xff, 0xff, 0xff, 0xff, 0xff, 0xff, 0xff, 0xff,
    0xff, 0xbb, 0xbb, 0xbb, 0xfa, 0xff, 0xff, 0xff, 0xab, 0xfa, 0xff, 0x03,
    0xff, 0xff, 0xff, 0xff, 0xff, 0xff, 0xff, 0xff, 0xff, 0xff, 0xff, 0xff,
    0xff, 0xff, 0xff, 0xff, 0xff, 0xff, 0xff, 0xff, 0xff, 0xff, 0xff, 0xff,
    0xff, 0xff, 0xff, 0xff, 0x77, 0xff, 0xff, 0x03, 0xff, 0xff, 0xff, 0xff,
    0xff, 0xff, 0xff, 0xff, 0xff, 0xff, 0xff, 0xff, 0xff, 0xff, 0xff, 0xff,
    0xff, 0xff, 0xff, 0xff, 0xff, 0xaf, 0xaa, 0xaa, 0xee, 0xff, 0xff, 0xff,
    0xaa, 0xea, 0xff, 0x03, 0xff, 0xff, 0xff, 0xff, 0xff, 0xff, 0xff, 0xff,
    0xff, 0xff, 0xff, 0xff, 0xff, 0xff, 0xff, 0xff, 0xff, 0xff, 0xff, 0xff,
    0xff, 0xff, 0xff, 0xff, 0xff, 0xff, 0xff, 0xff, 0xff, 0xff, 0xff, 0x03,
    0xff, 0xff, 0xff, 0xff, 0xff, 0xff, 0xff, 0xff, 0xff, 0xff, 0xff, 0xff,
    0xff, 0xff, 0xff, 0xff, 0xff, 0xff, 0xff, 0xff, 0xff, 0xbf, 0xba, 0xab,
    0xff, 0xff, 0xff, 0xff, 0xff, 0xff, 0xff, 0x03, 0xff, 0xff, 0xff, 0xff,
    0xff, 0xff, 0xff, 0xff, 0xff, 0xff, 0xff, 0xff, 0xff, 0xff, 0xff, 0xff,
    0xff, 0xff, 0xff, 0xff, 0xff, 0xff, 0xff, 0xff, 0xff, 0xff, 0xff, 0xff,
    0xff, 0xff, 0xff, 0x03, 0xff, 0xff, 0xff, 0xff, 0xff, 0xff, 0xff, 0xff,
    0xff, 0xff, 0xff, 0xff, 0xff, 0xff, 0xff, 0xff, 0xff, 0xff, 0xff, 0xff,
    0xff, 0xef, 0xee, 0xee, 0xfe, 0xff, 0xff, 0xff, 0xff, 0xff, 0xff, 0x03,
    0xff, 0xff, 0xff, 0xff, 0xff, 0xff, 0xff, 0xff, 0xff, 0xff, 0xff, 0xff,
    0xff, 0xff, 0xff, 0xff, 0xff, 0xff, 0xff, 0xff, 0xff, 0xff, 0xff, 0xff,
    0xff, 0xff, 0xff, 0xff, 0xff, 0xff, 0xff, 0x03, 0xff, 0xff, 0xff, 0xff,
    0xff, 0xff, 0xff, 0xff, 0xff, 0xff, 0xff, 0xff, 0xff, 0xff, 0xff, 0xff,
    0xff, 0xff, 0xff, 0xff, 0xff, 0xff, 0xff, 0xff, 0xff, 0xff, 0xff, 0xff,
    0xff, 0xff, 0xff, 0x03, 0xff, 0xff, 0xff, 0xff, 0xff, 0xff, 0xff, 0xff,
    0xff, 0xff, 0xff, 0xff, 0xff, 0xff, 0xff, 0xff, 0xff, 0xff, 0xff, 0xff,
    0xff, 0xff, 0xff, 0xff, 0xff, 0xff, 0xff, 0xff, 0xff, 0xff, 0xff, 0x03,
    0xff, 0xff, 0xff, 0xff, 0xff, 0xff, 0xff, 0xff, 0xff, 0xff, 0xff, 0xff,
    0xff, 0xff, 0xff, 0xff, 0xff, 0xff, 0xff, 0xff, 0xff, 0xff, 0xff, 0xff,
    0xff, 0xff, 0xff, 0xff, 0xff, 0xff, 0xff, 0x03, 0xff, 0xff, 0xff, 0xff,
    0xff, 0xff, 0xff, 0xff, 0xff, 0xff, 0xff, 0xff, 0xff, 0xff, 0xff, 0xff,
    0xff, 0xff, 0xff, 0xff, 0xff, 0xff, 0xff, 0xff, 0xff, 0xff, 0xff, 0xff,
    0xff, 0xff, 0xff, 0x03, 0xff, 0xff, 0xff, 0xff, 0xff, 0xff, 0xff, 0xff,
    0xff, 0xff, 0xff, 0xff, 0xff, 0xff, 0xff, 0xff, 0xff, 0xff, 0xff, 0xff,
    0xff, 0xff, 0xff, 0xff, 0xff, 0xff, 0xff, 0xff, 0xff, 0xff, 0xff, 0x03,
    0xff, 0xff, 0xff, 0xff, 0xff, 0xff, 0xff, 0xff, 0xff, 0xff, 0xff, 0xff,
    0xff, 0xff, 0xff, 0xff, 0xff, 0xff, 0xff, 0xff, 0xff, 0xff, 0xff, 0xff,
    0xff, 0xff, 0xff, 0xff, 0xff, 0xff, 0xff, 0x03, 0xff, 0xff, 0xff, 0xff,
    0xff, 0xff, 0xff, 0xff, 0xff, 0xff, 0xff, 0xff, 0xff, 0xff, 0xff, 0xff,
    0xff, 0xff, 0xff, 0xff, 0xff, 0xff, 0xff, 0xff, 0xff, 0xff, 0xff, 0xff,
    0xff, 0xff, 0xff, 0x03, 0xff, 0xff, 0xff, 0xff, 0xff, 0xff, 0xff, 0xff,
    0xff, 0xff, 0xff, 0xff, 0xff, 0xff, 0xff, 0xff, 0xff, 0xff, 0xff, 0xff,
    0xff, 0xff, 0xff, 0xff, 0xff, 0xff, 0xff, 0xff, 0xff, 0xff, 0xff, 0x03,
    0xff, 0xff, 0xff, 0xff, 0xff, 0xff, 0xff, 0xff, 0xff, 0xff, 0xff, 0xff,
    0xff, 0xff, 0xff, 0xff, 0xff, 0xff, 0xff, 0xff, 0xff, 0xff, 0xff, 0xff,
    0xff, 0xff, 0xff, 0xff, 0xff, 0xff, 0xff, 0x03, 0xff, 0xff, 0xff, 0xff,
    0xff, 0xff, 0xff, 0xff, 0xff, 0xff, 0xff, 0xff, 0xff, 0xff, 0xff, 0xff,
    0xff, 0xff, 0xff, 0xff, 0xff, 0xff, 0xff, 0xff, 0xff, 0xff, 0xff, 0xff,
    0xff, 0xff, 0xff, 0x03, 0xff, 0xff, 0xff, 0xff, 0xff, 0xff, 0xff, 0xff,
    0xff, 0xff, 0xff, 0xff, 0xff, 0xff, 0xff, 0xff, 0xff, 0xff, 0xff, 0xff,
    0xff, 0xff, 0xff, 0xff, 0xff, 0xff, 0xff, 0xff, 0xff, 0xff, 0xff, 0x03,
    0xff, 0xff, 0xff, 0xff, 0xff, 0xff, 0xff, 0xff, 0xff, 0xff, 0xff, 0xff,
    0xff, 0xff, 0xff, 0xff, 0xff, 0xff, 0xff, 0xff, 0xff, 0xff, 0xff, 0xff,
    0xff, 0xff, 0xff, 0xff, 0xff, 0xff, 0xff, 0x03, 0xff, 0xff, 0xff, 0xff,
    0xff, 0xff, 0xff, 0xff, 0xff, 0xff, 0xff, 0xff, 0xff, 0xff, 0xff, 0xff,
    0xff, 0xff, 0xff, 0xff, 0xff, 0xff, 0xff, 0xff, 0xff, 0xff, 0xff, 0xff,
    0xff, 0xff, 0xff, 0x03, 0xff, 0xff, 0xff, 0xff, 0xff, 0xff, 0xff, 0xff,
    0xff, 0xff, 0xff, 0xff, 0xff, 0xff, 0xff, 0xff, 0xff, 0xff, 0xff, 0xff,
    0xff, 0xff, 0xff, 0xff, 0xff, 0xff, 0xff, 0xff, 0xff, 0xff, 0xff, 0x03,
    0xff, 0xff, 0xff, 0xff, 0xff, 0xff, 0xff, 0xff, 0xff, 0xff, 0xff, 0xff,
    0xff, 0xff, 0xff, 0xff, 0xff, 0xff, 0xff, 0xff, 0xff, 0xff, 0xff, 0xff,
    0xff, 0xff, 0xff, 0xff, 0xff, 0xff, 0xff, 0x03, 0xff, 0xff, 0xff, 0xff,
    0xff, 0xff, 0xff, 0xff, 0xff, 0xff, 0xff, 0xff, 0xff, 0xff, 0xff, 0xff,
    0xff, 0xff, 0xff, 0xff, 0xff, 0xff, 0xff, 0xff, 0xff, 0xff, 0xff, 0xff,
    0xff, 0xff, 0xff, 0x03,
  },
  {
    /* frame 4 */
    0xff, 0xff, 0xff, 0xff, 0xff, 0xff, 0xff, 0xff, 0xff, 0xff, 0xff, 0xff,
    0xff, 0xff, 0xff, 0xff, 0xff, 0xff, 0xff, 0xff, 0xff, 0xff, 0xff, 0xff,
    0xff, 0xff, 0xff, 0xff, 0xff, 0xff, 0xff, 0x03, 0xff, 0xff, 0xff, 0xff,
    0xff, 0xff, 0xff, 0xff, 0xff, 0xff, 0xff, 0xff, 0xff, 0xff, 0xff, 0xff,
    0xff, 0xff, 0xff, 0xff, 0xff, 0xff, 0xff, 0xff, 0xff, 0xff, 0xff, 0xff,
    0xff, 0xff, 0xff, 0x03, 0xff, 0xff, 0xff, 0xff, 0xff, 0xff, 0xff, 0xff,
    0xff, 0xff, 0xff, 0xff, 0xff, 0xff, 0xff, 0xff, 0xff, 0xff, 0xff, 0xff,
    0xff, 0xff, 0xff, 0xff, 0xff, 0xff, 0xff, 0xff, 0xff, 0xff, 0xff, 0x03,
    0xff, 0xff, 0xff, 0xff, 0xff, 0xff, 0xff, 0xff, 0xff, 0xff, 0xff, 0xff,
    0xff, 0xff, 0xff, 0xff, 0xff, 0xff, 0xff, 0xff, 0xff, 0xff, 0xff, 0xff,
    0xff, 0xff, 0xff, 0xff, 0xff, 0xff, 0xff, 0x03, 0xff, 0xff, 0xff, 0xff,
    0xee, 0xfe, 0xff, 0xff, 0xff, 0xff, 0xff, 0xff, 0xff, 0xff, 0xff, 0xff,
    0xff, 0xff, 0xff, 0xff, 0xff, 0xff, 0xff, 0xff, 0xff, 0xff, 0xff, 0xff,
    0xff, 0xff, 0xff, 0x03, 0xff, 0xff, 0xff, 0xff, 0xff, 0xff, 0xff, 0xff,
    0xff, 0xff, 0xff, 0xff, 0xff, 0xff, 0xff, 0xff, 0xff, 0xff, 0xff, 0xff,
    0xff, 0xff, 0xff, 0xff, 0xff, 0xff, 0xff, 0xff, 0xff, 0xff, 0xff, 0x03,
    0xff, 0xff, 0xff, 0xbf, 0xbb, 0xff, 0xff, 0xff, 0xff, 0xff, 0xff, 0xff,
    0xff, 0xff, 0xff, 0xff, 0xff, 0xff, 0xff, 0xff, 0xff, 0xff, 0xff, 0xff,
    0xff, 0xff, 0xff, 0xff, 0xff, 0xff, 0xff, 0x03, 0xff, 0xff, 0xff, 0xff,
    0xff, 0xff, 0xff, 0xff, 0xff, 0xff, 0xff, 0xff, 0xff, 0xff, 0xff, 0xff,
    0xff, 0xff, 0xff, 0xff, 0xff, 0xff, 0xff, 0xff, 0xff, 0xff, 0xff, 0xff,
    0xff, 0xff, 0xff, 0x03, 0xff, 0xff, 0xff, 0xee, 0xaa, 0xfe, 0xff, 0xff,
    0xff, 0xff, 0xff, 0xff, 0xff, 0xff, 0xff, 0xff, 0xff, 0xff, 0xff, 0xff,
    0xff, 0xff, 0xff, 0xff, 0xff, 0xff, 0xff, 0xff, 0xff, 0xff, 0xff, 0x03,
    0xff, 0xff, 0xff, 0xff, 0xff, 0xff, 0xff, 0xff, 0xff, 0xff, 0xff, 0xff,
    0xff, 0xff, 0xff, 0xff, 0xff, 0xff, 0xff, 0xff, 0xff, 0xff, 0xff, 0xff,
    0xff, 0xff, 0xff, 0xff, 0xff, 0xff, 0xff, 0x03, 0xff, 0xff, 0xbf, 0xbb,
    0xfb, 0xff, 0xff, 0xff, 0xff, 0xff, 0xff, 0xff, 0xff, 0xff, 0xff, 0xff,
    0xff, 0xff, 0xff, 0xff, 0xff, 0xff, 0xff, 0xff, 0xff, 0xff, 0xff, 0xff,
    0xff, 0xff, 0xff, 0x03, 0xff, 0xff, 0xff, 0xff, 0xff, 0xff, 0xff, 0xff,
    0xff, 0xff, 0xff, 0xff, 0xff, 0xff, 0xff, 0xff, 0xff, 0xff, 0xff, 0xff,
    0xff, 0xff, 0xff, 0xff, 0xff, 0xff, 0xff, 0xff, 0xff, 0xff, 0xff, 0x03,
    0xff, 0xff, 0xef, 0xee, 0xee, 0xff, 0xff, 0xff, 0xff, 0xff, 0xff, 0xff,
    0xef, 0xfe, 0xff, 0xff, 0xff, 0xff, 0xff, 0xff, 0xff, 0xff, 0xff, 0xff,
    0xff, 0xff, 0xff, 0xff, 0xff, 0xff, 0xff, 0x03, 0xff, 0xff, 0xff, 0xff,
    0xff, 0xff, 0xff, 0xff, 0xff, 0xff, 0xff, 0xff, 0xff, 0xff, 0xff, 0xff,
    0xff, 0xff, 0xff, 0xff, 0xff, 0xff, 0xff, 0xff, 0xff, 0xff, 0xff, 0xff,
    0xff, 0xff, 0xff, 0x03, 0xff, 0xff, 0xbb, 0xbb, 0xff, 0xff, 0xff, 0xff,
    0xff, 0xff, 0xff, 0xff, 0xbb, 0xfb, 0xff, 0xff, 0xff, 0xff, 0xff, 0xff,
    0xff, 0xff, 0xff, 0xff, 0xff, 0xff, 0xff, 0xff, 0xff, 0xff, 0xff, 0x03,
    0xff, 0xff, 0xff, 0xff, 0xff, 0xff, 0xff, 0xff, 0xff, 0xff, 0xff, 0xff,
    0xff, 0xff, 0xff, 0xff, 0xff, 0xff, 0xff, 0xff, 0xff, 0xff, 0xff, 0xff,
    0xff, 0xff, 0xff, 0xff, 0xff, 0xff, 0xff, 0x03, 0xff, 0xff, 0xee, 0xae,
    0xfe, 0xff, 0xff, 0xff, 0xff, 0xff, 0xff, 0xff, 0xae, 0xea, 0xff, 0xff,
    0xff, 0xff, 0xff, 0xff, 0xff, 0xff, 0xef, 0xee, 0xfe, 0xff, 0xff, 0xff,
    0xff, 0xff, 0xff, 0x03, 0xff, 0xff, 0xff, 0xff, 0xff, 0xff, 0xff, 0xff,
    0xff, 0xff, 0xff, 0xff, 0xff, 0xff, 0xff, 0xff, 0xff, 0xff, 0xff, 0xff,
    0xff, 0xff, 0xff, 0xff, 0xff, 0xff, 0xff, 0xff, 0xff, 0xff, 0xff, 0x03,
    0xff, 0xff, 0xbb, 0xab, 0xff, 0xff, 0xff, 0xff, 0xff, 0xff, 0xff, 0xbf,
    0xbb, 0xbb, 0xfb, 0xff, 0xff, 0xff, 0xff, 0xff, 0xff, 0xff, 0xbb, 0xbb,
    0xff, 0xff, 0xff, 0xff, 0xff, 0xff, 0xff, 0x03, 0xff, 0xff, 0xff, 0xff,
    0xff, 0xff, 0xff, 0xff, 0xff, 0xff, 0xff, 0xff, 0xff, 0xff, 0xff, 0xff,
    0xff, 0xff, 0xff, 0xff, 0xff, 0xff, 0xff, 0xff, 0xff, 0xff, 0xff, 0xff,
    0xff, 0xff, 0xff, 0x03, 0xff, 0xff, 0xee, 0xea, 0xfe, 0xff, 0xff, 0xff,
    0xff, 0xff, 0xff, 0xef, 0xae, 0xaa, 0xea, 0xfe, 0xff, 0xff, 0xff, 0xff,
    0xff, 0xff, 0xaa, 0xaa, 0xfe, 0xff, 0xff, 0xff, 0xef, 0xee, 0xfe, 0x03,
    0xff, 0xff, 0xff, 0xff, 0xff, 0xff, 0xff, 0xff, 0xff, 0xff, 0xff, 0xff,
    0xff, 0xff, 0xff, 0xff, 0xff, 0xff, 0xff, 0xff, 0xff, 0xff, 0xff, 0xff,
    0xff, 0xff, 0xff, 0xff, 0xff, 0xff, 0xff, 0x03, 0xff, 0xbf, 0xbb, 0xfb,
    0xff, 0xff, 0xff, 0xff, 0xff, 0xff, 0xff, 0xbb, 0xbb, 0xbb, 0xbb, 0xff,
    0xff, 0xff, 0xff, 0xff, 0xff, 0xbf, 0xbb, 0xbb, 0xbb, 0xff, 0xff, 0xff,
    0xbf, 0xaa, 0xff, 0x03, 0xff, 0xff, 0xff, 0xff, 0xff, 0xff, 0xff, 0xff,
    0xff, 0xff, 0xff, 0xff, 0xff, 0xff, 0xff, 0xff, 0xff, 0xff, 0xff, 0xff,
    0xff, 0xff, 0xff, 0xff, 0xff, 0xff, 0xff, 0xff, 0x7f, 0xf7, 0xff, 0x03,
    0xff, 0xef, 0xee, 0xea, 0xff, 0xff, 0xff, 0xff, 0xff, 0xff, 0xff, 0xae,
    0xaa, 0xaa, 0xaa, 0xee, 0xfe, 0xff, 0xff, 0xff, 0xff, 0xae, 0xaa, 0xaa,
    0xaa, 0xea, 0xff, 0xff, 0xaf, 0xaa, 0xfe, 0x03, 0xff, 0xff, 0xff, 0xff,
    0xff, 0xff, 0xff, 0xff, 0xff, 0xff, 0xff, 0xff, 0xff, 0xff, 0xff, 0xff,
    0xff, 0xff, 0xff, 0xff, 0xff, 0xff, 0xff, 0xff, 0xd5, 0xfd, 0xff, 0xff,
    0x5f, 0xd5, 0xff, 0x03, 0xff, 0xbf, 0xbb, 0xbb, 0xff, 0xff, 0xff, 0xff,
    0xff, 0xff, 0xbf, 0xbb, 0xab, 0xba, 0xbb, 0xbb, 0xff, 0xff, 0xff, 0xff,
    0xbf, 0xbb, 0xbb, 0xaa, 0xaa, 0xea, 0xff, 0xff, 0xab, 0xaa, 0xff, 0x03,
    0xff, 0xff, 0xff, 0xff, 0xff, 0xff, 0xff, 0xff, 0xff, 0xff, 0xff, 0xff,
    0xff, 0xff, 0xff, 0xff, 0xff, 0xff, 0xff, 0xff, 0xff, 0xff, 0xff, 0x77,
    0x55, 0xf5, 0xff, 0xff, 0x77, 0xf7, 0xff, 0x03, 0xff, 0xff, 0xae, 0xaa,
    0xfe, 0xff, 0xff, 0xff, 0xff, 0xff, 0xef, 0xae, 0xaa, 0xaa, 0xaa, 0xaa,
    0xee, 0xfe, 0xff, 0xef, 0xae, 0xaa, 0xaa, 0xaa, 0x0a, 0xa8, 0xfe, 0xee,
    0xaa, 0xaa, 0xfe, 0x03, 0xff, 0xff, 0xff, 0xff, 0xff, 0xff, 0xff, 0xff,
    0xff, 0xff, 0xff, 0xff, 0xff, 0xff, 0xff, 0xff, 0xff, 0xff, 0xff, 0xff,
    0xff, 0xff, 0xff, 0x55, 0x55, 0xd5, 0xff, 0xff, 0xd5, 0xfd, 0xff, 0x03,
    0xff, 0xff, 0xbb, 0xfb, 0xff, 0xff, 0xff, 0xff, 0xff, 0xff, 0xbf, 0xbb,
    0xbb, 0xbb, 0xbb, 0xbb, 0xbb, 0xff, 0xff, 0xbb, 0xbb, 0xbb, 0xab, 0xaa,
    0x0a, 0xaa, 0xfe, 0xab, 0xaa, 0xaa, 0xff, 0x03, 0xff, 0xff, 0xff, 0xff,
    0xff, 0xff, 0xff, 0xff, 0xff, 0xff, 0xff, 0xff, 0xff, 0xff, 0xff, 0xff,
    0xff, 0xff, 0xff, 0xff, 0xff, 0xff, 0x7f, 0x55, 0x15, 0x55, 0xff, 0x77,
    0x77, 0xff, 0xff, 0x03, 0xff, 0xff, 0xef, 0xee, 0xff, 0xff, 0xff, 0xee,
    0xff, 0xff, 0xef, 0xee, 0xea, 0xaa, 0xaa, 0xaa, 0xaa, 0xee, 0xee, 0xaa,
    0xaa, 0xaa, 0xaa, 0x8a, 0x00, 0x88, 0xea, 0xaa, 0xaa, 0xaa, 0xee, 0x02,
    0xff, 0xff, 0xff, 0xff, 0xff, 0xff, 0xff, 0xff, 0xff, 0xff, 0xff, 0xff,
    0xff, 0xff, 0xff, 0xff, 0xff, 0xff, 0xff, 0xff, 0xff, 0xff, 0xff, 0x55,
    0x45, 0x54, 0xfd, 0x55, 0xdd, 0xdd, 0xff, 0x03, 0xff, 0xff, 0xbf, 0xff,
    0xff, 0xff, 0xbf, 0xfb, 0xff, 0xff, 0xbb, 0xbb, 0xbb, 0xbb, 0xbb, 0xbb,
    0xbb, 0xbb, 0xbb, 0xbb, 0xbb, 0xbb, 0xbb, 0xaa, 0x00, 0xa0, 0xaa, 0xaa,
    0xaa, 0xaa, 0xaa, 0x03, 0xff, 0xff, 0xff, 0xff, 0xff, 0xff, 0xff, 0xff,
    0xff, 0xff, 0xff, 0xff, 0xff, 0xff, 0xff, 0xff, 0xff, 0xff, 0xff, 0xff,
    0xff, 0xff, 0xff, 0x57, 0x15, 0x51, 0x55, 0x77, 0xf7, 0x77, 0xf7, 0x03,
    0xff, 0xff, 0xef, 0xfe, 0xff, 0xff, 0xef, 0xea, 0xff, 0xff, 0xee, 0xee,
    0xee, 0xee, 0xaa, 0xaa, 0xaa, 0xaa, 0xaa, 0xaa, 0xaa, 0xaa, 0xaa, 0xaa,
    0x00, 0x80, 0xa8, 0xaa, 0xaa, 0xaa, 0xaa, 0x02, 0xff, 0xff, 0xff, 0xff,
    0xff, 0xff, 0xff, 0xff, 0xff, 0xff, 0xff, 0xff, 0xff, 0xff, 0xff, 0xff,
    0xff, 0xff, 0xff, 0xff, 0xff, 0xff, 0xff, 0x55, 0x55, 0x50, 0xd5, 0xdd,
    0xdd, 0x5d, 0xd5, 0x03, 0xff, 0xff, 0xff, 0xff, 0xff, 0xff, 0xbb, 0xfb,
    0xff, 0xff, 0xbb, 0xbb, 0xbb, 0xbb, 0xbb, 0xbb, 0xbb, 0xbb, 0xbb, 0xbb,
    0xbb, 0xbb, 0xbb, 0xaa, 0x02, 0xa0, 0xaa, 0xaa, 0xaa, 0xaa, 0xaa, 0x03,
    0xff, 0xff, 0xff, 0xff, 0xff, 0xff, 0xff, 0xff, 0xff, 0xff, 0xff, 0xff,
    0xff, 0xff, 0xff, 0xff, 0xff, 0xff, 0xff, 0xff, 0xff, 0xff, 0xff, 0x5f,
    0x55, 0x51, 0xf5, 0x77, 0x7f, 0x77, 0xf7, 0x03, 0xff, 0xff, 0xff, 0xff,
    0xff, 0xff, 0xee, 0xea, 0xff, 0xff, 0xee, 0xee, 0xee, 0xee, 0xae, 0xaa,
    0xaa, 0xaa, 0xaa, 0xaa, 0xaa, 0xaa, 0xaa, 0xaa, 0x0a, 0x80, 0xa8, 0xaa,
    0xaa, 0xaa, 0xaa, 0x02, 0xff, 0xff, 0xff, 0xff, 0xff, 0xff, 0xff, 0xff,
    0xff, 0xff, 0xff, 0xff, 0xff, 0xff, 0xff, 0xff, 0xff, 0xff, 0xff, 0xff,
    0xff, 0xff, 0xff, 0x5f, 0x55, 0x44, 0x55, 0xdd, 0xdd, 0xdd, 0xdd, 0x03,
    0xff, 0xff, 0xff, 0xff, 0xff, 0xbf, 0xbb, 0xfb, 0xff, 0xff, 0xbb, 0xbb,
    0xbb, 0xbb, 0xbb, 0xbb, 0xbb, 0xbb, 0xbb, 0xbb, 0xbb, 0xbb, 0xbb, 0xab,
    0x0a, 0x00, 0xaa, 0xaa, 0xaa, 0xaa, 0xaa, 0x03, 0xff, 0xff, 0xff, 0xff,
    0xff, 0xff, 0xff, 0xff, 0xff, 0xff, 0xff, 0xff, 0xff, 0xff, 0xff, 0xff,
    0xff, 0xff, 0xff, 0xff, 0xff, 0xff, 0xff, 0x7f, 0x55, 0x11, 0x55, 0xff,
    0x77, 0x77, 0xf7, 0x03, 0xff, 0xff, 0xff, 0xff, 0xff, 0xef, 0xee, 0xea,
    0xff, 0xff, 0xee, 0xee, 0xee, 0xee, 0xae, 0xaa, 0xaa, 0xaa, 0xaa, 0xaa,
    0xaa, 0xaa, 0xaa, 0xaa, 0x00, 0x00, 0xa8, 0xaa, 0xaa, 0xaa, 0xaa, 0x02,
    0xff, 0xff, 0xff, 0xff, 0xff, 0xff, 0xff, 0xff, 0xff, 0xff, 0xff, 0xff,
    0xff, 0xff, 0xff, 0xff, 0xff, 0xff, 0xff, 0xff, 0xff, 0x5f, 0x5d, 0x55,
    0x45, 0x04, 0x55, 0xd5, 0xd5, 0xdd, 0xdd, 0x03, 0xff, 0xff, 0xff, 0xff,
    0xff, 0xbf, 0xbb, 0xbb, 0xff, 0xff, 0xbb, 0xbb, 0xbb, 0xbb, 0xbb, 0xbb,
    0xbb, 0xbb, 0xbb, 0xbb, 0xbb, 0xab, 0xaa, 0xaa, 0x00, 0x00, 0xaa, 0xaa,
    0xaa, 0xaa, 0xaa, 0x03, 0xff, 0xff, 0xff, 0xff, 0xff, 0xff, 0xff, 0xff,
    0xff, 0xff, 0xff, 0xff, 0xff, 0xff, 0xff, 0xff, 0xff, 0xff, 0xff, 0xff,
    0xff, 0x57, 0x55, 0x55, 0x11, 0x11, 0x55, 0x75, 0x77, 0xf7, 0xff, 0x03,
    0xff, 0xff, 0xff, 0xff, 0xff, 0xef, 0xee, 0xaa, 0xfe, 0xff, 0xee, 0xee,
    0xee, 0xee, 0xee, 0xaa, 0xaa, 0xaa, 0xaa, 0xaa, 0xaa, 0xaa, 0x80, 0x0a,
    0x00, 0x00, 0x88, 0xa8, 0xaa, 0xaa, 0xaa, 0x02, 0xff, 0xff, 0xff, 0xff,
    0xff, 0xff, 0xff, 0xff, 0xff, 0xff, 0xff, 0xff, 0xff, 0xff, 0xff, 0xff,
    0xff, 0xff, 0xff, 0xff, 0xff, 0x55, 0x55, 0x55, 0x44, 0x44, 0x54, 0x55,
    0xdd, 0xdd, 0xff, 0x03, 0xff, 0xff, 0xff, 0xff, 0xff, 0xbf, 0xbb, 0xbb,
    0xfb, 0xff, 0xbb, 0xbb, 0xbb, 0xbb, 0xbb, 0xbb, 0xbb, 0xbb, 0xbb, 0xbb,
    0xaa, 0xaa, 0xa0, 0x0a, 0x00, 0x00, 0x00, 0xaa, 0xaa, 0xaa, 0xaa, 0x03,
    0xff, 0xff, 0xff, 0xff, 0xff, 0xff, 0xff, 0xff, 0xff, 0xff, 0xff, 0xff,
    0xff, 0xff, 0xff, 0xff, 0xff, 0xff, 0xff, 0xff, 0x77, 0x55, 0x51, 0x15,
    0x11, 0x11, 0x11, 0x55, 0x77, 0xf7, 0xff, 0x03, 0xff, 0xff, 0xff, 0xff,
    0xff, 0xff, 0xee, 0xaa, 0xea, 0xff, 0xee, 0xee, 0xee, 0xee, 0xee, 0xaa,
    0xaa, 0xaa, 0xaa, 0xaa, 0xaa, 0xaa, 0x80, 0x00, 0x00, 0x00, 0x00, 0x88,
    0xaa, 0xaa, 0xaa, 0x02, 0xff, 0xff, 0xff, 0xff, 0xff, 0xff, 0xff, 0xff,
    0xff, 0xff, 0xff, 0xff, 0xff, 0xff, 0xff, 0xff, 0xff, 0xff, 0xff, 0xff,
    0x55, 0x55, 0x55, 0x45, 0x44, 0x44, 0x44, 0x54, 0xdd, 0xfd, 0xff, 0x03,
    0xff, 0xff, 0xff, 0xff, 0xff, 0xff, 0xbb, 0xbb, 0xfa, 0xff, 0xbb, 0xbb,
    0xbb, 0xbb, 0xbb, 0xbb, 0xbb, 0xbb, 0xbb, 0xbb, 0xaa, 0xaa, 0xaa, 0x00,
    0x00, 0x00, 0x00, 0xa0, 0xaa, 0xaa, 0xbb, 0x03, 0xff, 0xff, 0xff, 0xff,
    0xff, 0xff, 0xff, 0xff, 0xff, 0xff, 0xff, 0xff, 0xff, 0xff, 0xff, 0xff,
    0xff, 0xff, 0xff, 0x7f, 0x57, 0x55, 0x55, 0x15, 0x11, 0x11, 0x11, 0x51,
    0x77, 0xff, 0xff, 0x03, 0xff, 0xff, 0xff, 0xff, 0xff, 0xff, 0xee, 0xae,
    0xea, 0xff, 0xef, 0xee, 0xee, 0xee, 0xae, 0xaa, 0xaa, 0xaa, 0xaa, 0xaa,
    0x0a, 0xa8, 0xaa, 0x00, 0x00, 0x00, 0x00, 0x80, 0xaa, 0xaa, 0xaa, 0x02,
    0xff, 0xff, 0xff, 0xff, 0xff, 0xff, 0xff, 0xff, 0xff, 0xff, 0xff, 0xff,
    0xff, 0xff, 0xff, 0xff, 0xff, 0xff, 0xff, 0xdf, 0x5d, 0x55, 0x55, 0x55,
    0x44, 0x04, 0x00, 0x50, 0xdd, 0xdd, 0xdd, 0x03, 0xff, 0xff, 0xff, 0xff,
    0xff, 0xff, 0xbb, 0xbb, 0xbb, 0xff, 0xbf, 0xbb, 0xbb, 0xbb, 0xbb, 0xbb,
    0xbb, 0xbb, 0xbb, 0xaa, 0x2a, 0xaa, 0xaa, 0x02, 0x00, 0x00, 0x00, 0xa0,
    0xaa, 0xaa, 0xaa, 0x02, 0xff, 0xff, 0xff, 0xff, 0xff, 0xff, 0xff, 0xff,
    0xff, 0xff, 0xff, 0xff, 0xff, 0xff, 0xff, 0xff, 0xff, 0xff, 0xff, 0xf7,
    0x57, 0x55, 0x55, 0x55, 0x11, 0x11, 0x00, 0x50, 0x77, 0x77, 0x77, 0x03,
    0xff, 0xff, 0xff, 0xff, 0xff, 0xff, 0xee, 0xee, 0xaa, 0xee, 0xee, 0xee,
    0xee, 0xee, 0xaa, 0xaa, 0xaa, 0xaa, 0xaa, 0xaa, 0x0a, 0xa8, 0x88, 0x0a,
    0x00, 0x00, 0x00, 0x80, 0xaa, 0xaa, 0xaa, 0x02, 0xff, 0xff, 0xff, 0xff,
    0xff, 0xff, 0xff, 0xff, 0xff, 0xff, 0xff, 0xff, 0xff, 0xff, 0xff, 0xff,
    0xff, 0xff, 0xff, 0xdd, 0x55, 0x55, 0x55, 0x55, 0x45, 0x04, 0x00, 0x50,
    0xdd, 0x5d, 0xd5, 0x01, 0xff, 0xff, 0xff, 0xff, 0xff, 0xff, 0xbb, 0xbb,
    0xbb, 0xbb, 0xbb, 0xbb, 0xbb, 0xbb, 0xbb, 0xbb, 0xbb, 0xbb, 0xab, 0xaa,
    0x82, 0xaa, 0xaa, 0x2a, 0x00, 0x00, 0x00, 0xa0, 0xaa, 0xaa, 0xaa, 0x02,
    0xff, 0xff, 0xff, 0xff, 0xff, 0xff, 0xff, 0xff, 0xff, 0xff, 0xff, 0xff,
    0xff, 0xff, 0xff, 0xff, 0xff, 0xff, 0xff, 0x7f, 0x55, 0x57, 0x55, 0x55,
    0x15, 0x11, 0x51, 0x51, 0x77, 0x77, 0x77, 0x03, 0xff, 0xff, 0xff, 0xff,
    0xff, 0xff, 0xee, 0xee, 0xae, 0xaa, 0xea, 0xee, 0xee, 0xee, 0xaa, 0xaa,
    0xaa, 0xaa, 0xaa, 0xaa, 0x80, 0x8a, 0xaa, 0xa8, 0x00, 0x00, 0x00, 0x80,
    0xaa, 0xaa, 0xaa, 0x02, 0xff, 0xff, 0xff, 0xff, 0xff, 0xff, 0xff, 0xff,
    0xff, 0xff, 0xff, 0xff, 0xff, 0xff, 0xff, 0xff, 0xff, 0xff, 0xff, 0xdd,
    0xd5, 0x55, 0x5d, 0x55, 0x45, 0x44, 0x40, 0x55, 0xdd, 0xdd, 0xdd, 0x01,
    0xff, 0xff, 0xff, 0xff, 0xff, 0xbf, 0xff, 0xbb, 0xbb, 0xbb, 0xbb, 0xbb,
    0xbb, 0xbb, 0xbb, 0xbb, 0xbb, 0xbb, 0xaa, 0xaa, 0xaa, 0xaa, 0xaa, 0xaa,
    0x00, 0x00, 0xa0, 0xaa, 0xaa, 0xaa, 0xaa, 0x02, 0xff, 0xff, 0xff, 0xff,
    0xff, 0xff, 0xff, 0xff, 0xff, 0xff, 0xff, 0xff, 0xff, 0xff, 0xff, 0xff,
    0xff, 0xff, 0xff, 0xff, 0xff, 0x5f, 0x7f, 0x55, 0x15, 0x11, 0x51, 0x55,
    0x77, 0x77, 0x77, 0x03, 0xff, 0xff, 0xff, 0xff, 0xff, 0xaf, 0xfe, 0xee,
    0xee, 0xae, 0xea, 0xee, 0xee, 0xee, 0xae, 0xaa, 0xaa, 0xaa, 0xaa, 0xaa,
    0xaa, 0xaa, 0xae, 0xa8, 0x00, 0x00, 0x80, 0xaa, 0xaa, 0xaa, 0xaa, 0x02,
    0xff, 0xff, 0xff, 0xff, 0xff, 0xff, 0xff, 0xff, 0xff, 0xff, 0xff, 0xff,
    0xff, 0xff, 0xff, 0xff, 0xff, 0xff, 0xff, 0xff, 0xfd, 0xdf, 0x7f, 0x55,
    0x55, 0x00, 0x54, 0xd5, 0x5d, 0x5d, 0xd5, 0x03, 0xff, 0xff, 0xff, 0xff,
    0xff, 0xbb, 0xff, 0xff, 0xbf, 0xbb, 0xfb, 0xbb, 0xbb, 0xbb, 0xbb, 0xbb,
    0xbb, 0xbb, 0xbb, 0xbb, 0xaa, 0xab, 0xbb, 0xaa, 0x02, 0x00, 0xaa, 0xaa,
    0xaa, 0xaa, 0xaa, 0x03, 0xff, 0xff, 0xff, 0xff, 0xff, 0xff, 0xff, 0xff,
    0xff, 0xff, 0xff, 0xff, 0xff, 0xff, 0xff, 0xff, 0xff, 0xff, 0xff, 0xff,
    0xff, 0xff, 0x7f, 0x55, 0x55, 0x15, 0x55, 0xf5, 0x7f, 0x77, 0xf7, 0x03,
    0xff, 0xff, 0xff, 0xff, 0xff, 0xae, 0xee, 0xff, 0xff, 0xee, 0xee, 0xef,
    0xee, 0xee, 0xae, 0xaa, 0xaa, 0xaa, 0xaa, 0xaa, 0xaa, 0xaa, 0xaa, 0x8a,
    0x0a, 0x00, 0xa8, 0xaa, 0xaa, 0xaa, 0xaa, 0x02, 0xff, 0xff, 0xff, 0xff,
    0xff, 0xff, 0xff, 0xff, 0xff, 0xff, 0xff, 0xff, 0xff, 0xff, 0xff, 0xff,
    0xff, 0xff, 0xff, 0xff, 0xff, 0xff, 0x55, 0x55, 0x55, 0x55, 0x55, 0xdd,
    0xdd, 0xfd, 0xff, 0x03, 0xff, 0xff, 0xff, 0xff, 0xbf, 0xbb, 0xfb, 0xff,
    0xff, 0xff, 0xff, 0xbf, 0xbb, 0xbb, 0xbb, 0xbb, 0xbb, 0xbb, 0xbb, 0xbb,
    0xbb, 0xbb, 0xaa, 0xaa, 0xaa, 0xaa, 0xaa, 0xaa, 0xaa, 0xaa, 0xab, 0x03,
    0xff, 0xff, 0xff, 0xff, 0xff, 0xff, 0xff, 0xff, 0xff, 0xff, 0xff, 0xff,
    0xff, 0xff, 0xff, 0xff, 0xff, 0xff, 0xff, 0xff, 0xff, 0x7f, 0x55, 0x55,
    0x55, 0x55, 0x55, 0x7f, 0xf7, 0xff, 0xff, 0x03, 0xff, 0xff, 0xff, 0xff,
    0xef, 0xae, 0xea, 0xff, 0xff, 0xff, 0xff, 0xff, 0xee, 0xee, 0xee, 0xaa,
    0xaa, 0xaa, 0xaa, 0xaa, 0xaa, 0xaa, 0x8a, 0x8a, 0xa8, 0xaa, 0xaa, 0xaa,
    0xaa, 0xaa, 0xaa, 0x02, 0xff, 0xff, 0xff, 0xff, 0xff, 0xff, 0xff, 0xff,
    0xff, 0xff, 0xff, 0xff, 0xff, 0xff, 0xff, 0xff, 0xff, 0xff, 0xff, 0xff,
    0xff, 0xdd, 0x55, 0x55, 0x55, 0xd5, 0xd5, 0x5d, 0xdd, 0xfd, 0xff, 0x03,
    0xff, 0xff, 0xff, 0xff, 0xbf, 0xbb, 0xfa, 0xff, 0xff, 0xff, 0xff, 0xff,
    0xbf, 0xfb, 0xbb, 0xbb, 0xbb, 0xbb, 0xbb, 0xbb, 0xab, 0xaa, 0xaa, 0xaa,
    0xaa, 0xaa, 0xaa, 0xaa, 0xaa, 0xaa, 0xaa, 0x03, 0xff, 0xff, 0xff, 0xff,
    0xff, 0xff, 0xff, 0xff, 0xff, 0xff, 0xff, 0xff, 0xff, 0xff, 0xff, 0xff,
    0xff, 0xff, 0xff, 0xff, 0xff, 0xf7, 0x5f, 0x55, 0x55, 0xf5, 0x7f, 0x77,
    0x77, 0xf7, 0xff, 0x03, 0xff, 0xff, 0xff, 0xff, 0xef, 0xae, 0xea, 0xff,
    0xff, 0xff, 0xff, 0xff, 0xff, 0xee, 0xef, 0xee, 0xae, 0xaa, 0xaa, 0xaa,
    0xaa, 0xaa, 0x0a, 0xa8, 0xa8, 0xaa, 0xaa, 0xaa, 0xaa, 0xaa, 0xaa, 0x02,
    0xff, 0xff, 0xff, 0xff, 0xff, 0xff, 0xff, 0xff, 0xff, 0xff, 0xff, 0xff,
    0xff, 0xff, 0xff, 0xff, 0xff, 0xff, 0xff, 0xff, 0xff, 0x5d, 0x5d, 0x54,
    0x55, 0xd5, 0x7f, 0xdd, 0xd5, 0xdd, 0xfd, 0x03, 0xff, 0xff, 0xff, 0xff,
    0xbf, 0xbb, 0xbb, 0xff, 0xff, 0xff, 0xff, 0xff, 0xff, 0xff, 0xbf, 0xff,
    0xbf, 0xbb, 0xbb, 0xbb, 0xbb, 0xaa, 0x2a, 0xaa, 0xaa, 0xaa, 0xbf, 0xaa,
    0xaa, 0xaa, 0xaa, 0x03, 0xff, 0xff, 0xff, 0xff, 0xff, 0xff, 0xff, 0xff,
    0xff, 0xff, 0xff, 0xff, 0xff, 0xff, 0xff, 0xff, 0xff, 0xff, 0xff, 0xff,
    0xff, 0x57, 0x57, 0x55, 0xf5, 0xff, 0x7f, 0xf7, 0x77, 0x77, 0xff, 0x03,
    0xff, 0xff, 0xff, 0xff, 0xef, 0xee, 0xaa, 0xfe, 0xff, 0xff, 0xff, 0xff,
    0xff, 0xff, 0xef, 0xfe, 0xff, 0xae, 0xaa, 0xaa, 0xaa, 0xaa, 0x0a, 0x88,
    0xaa, 0xea, 0xae, 0xaa, 0xaa, 0xaa, 0xaa, 0x02, 0xff, 0xff, 0xff, 0xff,
    0xff, 0xff, 0xff, 0xff, 0xff, 0xff, 0xff, 0xff, 0xff, 0xff, 0xff, 0xff,
    0xff, 0xff, 0xff, 0xff, 0xff, 0x5f, 0x55, 0x55, 0xfd, 0xff, 0xff, 0xdd,
    0xdd, 0xdd, 0xdd, 0x03, 0xff, 0xff, 0xff, 0xff, 0xbf, 0xbb, 0xbb, 0xfb,
    0xff, 0xff, 0xff, 0xff, 0xff, 0xff, 0xff, 0xff, 0xff, 0xbf, 0xbb, 0xbb,
    0xbb, 0xab, 0xaa, 0xaa, 0xaa, 0xfb, 0xff, 0xab, 0xaa, 0xaa, 0xaa, 0x02,
    0xff, 0xff, 0xff, 0xff, 0xff, 0xff, 0xff, 0xff, 0xff, 0xff, 0xff, 0xff,
    0xff, 0xff, 0xff, 0xff, 0xff, 0xff, 0xff, 0xff, 0xff, 0x7f, 0xf5, 0x57,
    0xff, 0xff, 0xff, 0x77, 0x7f, 0x77, 0xf7, 0x03, 0xff, 0xff, 0xff, 0xff,
    0xff, 0xee, 0xaa, 0xea, 0xff, 0xff, 0xff, 0xff, 0xff, 0xff, 0xff, 0xff,
    0xff, 0xff, 0xee, 0xaa, 0xaa, 0xaa, 0xaa, 0xaa, 0xaa, 0xee, 0xff, 0xaa,
    0xaa, 0xaa, 0xaa, 0x02, 0xff, 0xff, 0xff, 0xff, 0xff, 0xff, 0xff, 0xff,
    0xff, 0xff, 0xff, 0xff, 0xff, 0xff, 0xff, 0xff, 0xff, 0xff, 0xff, 0xff,
    0xff, 0xff, 0x55, 0xd5, 0xfd, 0xff, 0xff, 0xd5, 0xff, 0x55, 0xf5, 0x03,
    0xff, 0xff, 0xff, 0xff, 0xff, 0xbb, 0xbb, 0xbb, 0xff, 0xff, 0xff, 0xff,
    0xff, 0xff, 0xff, 0xff, 0xff, 0xff, 0xff, 0xab, 0xbb, 0xab, 0xaa, 0xaa,
    0xba, 0xff, 0xff, 0xab, 0xaa, 0xaa, 0xea, 0x03, 0xff, 0xff, 0xff, 0xff,
    0xff, 0xff, 0xff, 0xff, 0xff, 0xff, 0xff, 0xff, 0xff, 0xff, 0xff, 0xff,
    0xff, 0xff, 0xff, 0xff, 0xff, 0xff, 0x57, 0xff, 0xff, 0xff, 0xff, 0x77,
    0xff, 0x77, 0xff, 0x03, 0xff, 0xff, 0xff, 0xff, 0xff, 0xef, 0xae, 0xaa,
    0xee, 0xfe, 0xee, 0xff, 0xff, 0xff, 0xff, 0xff, 0xff, 0xff, 0xff, 0xae,
    0xaa, 0xaa, 0xaa, 0xaa, 0xee, 0xfe, 0xff, 0xaa, 0xaa, 0xaa, 0xea, 0x03,
    0xff, 0xff, 0xff, 0xff, 0xff, 0xff, 0xff, 0xff, 0xff, 0xff, 0xff, 0xff,
    0xff, 0xff, 0xff, 0xff, 0xff, 0xff, 0xff, 0xff, 0xff, 0xdf, 0x5d, 0xfd,
    0xff, 0xff, 0xff, 0x5f, 0xfd, 0xdf, 0xff, 0x03, 0xff, 0xff, 0xff, 0xff,
    0xff, 0xbf, 0xbb, 0xbb, 0xbb, 0xbf, 0xfa, 0xff, 0xff, 0xff, 0xff, 0xff,
    0xff, 0xff, 0xff, 0xbf, 0xba, 0xaa, 0xaa, 0xba, 0xff, 0xff, 0xff, 0xbf,
    0xaa, 0xaa, 0xff, 0x03, 0xff, 0xff, 0xff, 0xff, 0xff, 0xff, 0xff, 0xff,
    0xff, 0xff, 0xff, 0xff, 0xff, 0xff, 0xff, 0xff, 0xff, 0xff, 0xff, 0xff,
    0xff, 0xff, 0xff, 0xff, 0xff, 0xff, 0xff, 0x7f, 0xf7, 0xff, 0xff, 0x03,
    0xff, 0xff, 0xff, 0xff, 0xff, 0xff, 0xee, 0xaa, 0xaa, 0xae, 0xea, 0xff,
    0xff, 0xff, 0xff, 0xff, 0xff, 0xff, 0xff, 0xef, 0xaa, 0xaa, 0xaa, 0xee,
    0xfe, 0xff, 0xff, 0xaf, 0xaa, 0xea, 0xfe, 0x03, 0xff, 0xff, 0xff, 0xff,
    0xff, 0xff, 0xff, 0xff, 0xff, 0xff, 0xff, 0xff, 0xff, 0xff, 0xff, 0xff,
    0xff, 0xff, 0xff, 0xff, 0xff, 0xff, 0xff, 0xff, 0xff, 0xff, 0xff, 0xff,
    0xd5, 0xfd, 0xff, 0x03, 0xff, 0xff, 0xff, 0xff, 0xff, 0xff, 0xbb, 0xbb,
    0xbb, 0xbb, 0xff, 0xff, 0xff, 0xff, 0xff, 0xff, 0xff, 0xff, 0xff, 0xff,
    0xab, 0xbb, 0xab, 0xff, 0xff, 0xff, 0xff, 0xff, 0xab, 0xfa, 0xff, 0x03,
    0xff, 0xff, 0xff, 0xff, 0xff, 0xff, 0xff, 0xff, 0xff, 0xff, 0xff, 0xff,
    0xff, 0xff, 0xff, 0xff, 0xff, 0xff, 0xff, 0xff, 0xff, 0xff, 0xff, 0xff,
    0xff, 0xff, 0xff, 0xff, 0x77, 0xff, 0xff, 0x03, 0xff, 0xff, 0xff, 0xff,
    0xff, 0xff, 0xef, 0xee, 0xee, 0xee, 0xfe, 0xff, 0xff, 0xff, 0xff, 0xff,
    0xff, 0xff, 0xff, 0xff, 0xae, 0xaa, 0xea, 0xfe, 0xff, 0xff, 0xff, 0xff,
    0xaa, 0xea, 0xff, 0x03, 0xff, 0xff, 0xff, 0xff, 0xff, 0xff, 0xff, 0xff,
    0xff, 0xff, 0xff, 0xff, 0xff, 0xff, 0xff, 0xff, 0xff, 0xff, 0xff, 0xff,
    0xff, 0xff, 0xff, 0xff, 0xff, 0xff, 0xff, 0xff, 0xff, 0xff, 0xff, 0x03,
    0xff, 0xff, 0xff, 0xff, 0xff, 0xff, 0xff, 0xff, 0xbb, 0xff, 0xff, 0xff,
    0xff, 0xff, 0xff, 0xff, 0xff, 0xff, 0xff, 0xff, 0xbf, 0xba, 0xfb, 0xff,
    0xff, 0xff, 0xff, 0xff, 0xff, 0xff, 0xff, 0x03, 0xff, 0xff, 0xff, 0xff,
    0xff, 0xff, 0xff, 0xff, 0xff, 0xff, 0xff, 0xff, 0xff, 0xff, 0xff, 0xff,
    0xff, 0xff, 0xff, 0xff, 0xff, 0xff, 0xff, 0xff, 0xff, 0xff, 0xff, 0xff,
    0xff, 0xff, 0xff, 0x03, 0xff, 0xff, 0xff, 0xff, 0xff, 0xff, 0xff, 0xff,
    0xef, 0xfe, 0xff, 0xff, 0xff, 0xff, 0xff, 0xff, 0xff, 0xff, 0xff, 0xff,
    0xef, 0xaa, 0xee, 0xff, 0xff, 0xff, 0xff, 0xff, 0xff, 0xff, 0xff, 0x03,
    0xff, 0xff, 0xff, 0xff, 0xff, 0xff, 0xff, 0xff, 0xff, 0xff, 0xff, 0xff,
    0xff, 0xff, 0xff, 0xff, 0xff, 0xff, 0xff, 0xff, 0xff, 0xff, 0xff, 0xff,
    0xff, 0xff, 0xff, 0xff, 0xff, 0xff, 0xff, 0x03, 0xff, 0xff, 0xff, 0xff,
    0xff, 0xff, 0xff, 0xff, 0xff, 0xff, 0xff, 0xff, 0xff, 0xff, 0xff, 0xff,
    0xff, 0xff, 0xff, 0xff, 0xff, 0xbb, 0xff, 0xff, 0xff, 0xff, 0xff, 0xff,
    0xff, 0xff, 0xff, 0x03, 0xff, 0xff, 0xff, 0xff, 0xff, 0xff, 0xff, 0xff,
    0xff, 0xff, 0xff, 0xff, 0xff, 0xff, 0xff, 0xff, 0xff, 0xff, 0xff, 0xff,
    0xff, 0xff, 0xff, 0xff, 0xff, 0xff, 0xff, 0xff, 0xff, 0xff, 0xff, 0x03,
    0xff, 0xff, 0xff, 0xff, 0xff, 0xff, 0xff, 0xff, 0xff, 0xff, 0xff, 0xff,
    0xff, 0xff, 0xff, 0xff, 0xff, 0xff, 0xff, 0xff, 0xff, 0xef, 0xfe, 0xff,
    0xff, 0xff, 0xff, 0xff, 0xff, 0xff, 0xff, 0x03, 0xff, 0xff, 0xff, 0xff,
    0xff, 0xff, 0xff, 0xff, 0xff, 0xff, 0xff, 0xff, 0xff, 0xff, 0xff, 0xff,
    0xff, 0xff, 0xff, 0xff, 0xff, 0xff, 0xff, 0xff, 0xff, 0xff, 0xff, 0xff,
    0xff, 0xff, 0xff, 0x03, 0xff, 0xff, 0xff, 0xff, 0xff, 0xff, 0xff, 0xff,
    0xff, 0xff, 0xff, 0xff, 0xff, 0xff, 0xff, 0xff, 0xff, 0xff, 0xff, 0xff,
    0xff, 0xff, 0xff, 0xff, 0xff, 0xff, 0xff, 0xff, 0xff, 0xff, 0xff, 0x03,
    0xff, 0xff, 0xff, 0xff, 0xff, 0xff, 0xff, 0xff, 0xff, 0xff, 0xff, 0xff,
    0xff, 0xff, 0xff, 0xff, 0xff, 0xff, 0xff, 0xff, 0xff, 0xff, 0xff, 0xff,
    0xff, 0xff, 0xff, 0xff, 0xff, 0xff, 0xff, 0x03, 0xff, 0xff, 0xff, 0xff,
    0xff, 0xff, 0xff, 0xff, 0xff, 0xff, 0xff, 0xff, 0xff, 0xff, 0xff, 0xff,
    0xff, 0xff, 0xff, 0xff, 0xff, 0xff, 0xff, 0xff, 0xff, 0xff, 0xff, 0xff,
    0xff, 0xff, 0xff, 0x03, 0xff, 0xff, 0xff, 0xff, 0xff, 0xff, 0xff, 0xff,
    0xff, 0xff, 0xff, 0xff, 0xff, 0xff, 0xff, 0xff, 0xff, 0xff, 0xff, 0xff,
    0xff, 0xff, 0xff, 0xff, 0xff, 0xff, 0xff, 0xff, 0xff, 0xff, 0xff, 0x03,
    0xff, 0xff, 0xff, 0xff, 0xff, 0xff, 0xff, 0xff, 0xff, 0xff, 0xff, 0xff,
    0xff, 0xff, 0xff, 0xff, 0xff, 0xff, 0xff, 0xff, 0xff, 0xff, 0xff, 0xff,
    0xff, 0xff, 0xff, 0xff, 0xff, 0xff, 0xff, 0x03, 0xff, 0xff, 0xff, 0xff,
    0xff, 0xff, 0xff, 0xff, 0xff, 0xff, 0xff, 0xff, 0xff, 0xff, 0xff, 0xff,
    0xff, 0xff, 0xff, 0xff, 0xff, 0xff, 0xff, 0xff, 0xff, 0xff, 0xff, 0xff,
    0xff, 0xff, 0xff, 0x03, 0xff, 0xff, 0xff, 0xff, 0xff, 0xff, 0xff, 0xff,
    0xff, 0xff, 0xff, 0xff, 0xff, 0xff, 0xff, 0xff, 0xff, 0xff, 0xff, 0xff,
    0xff, 0xff, 0xff, 0xff, 0xff, 0xff, 0xff, 0xff, 0xff, 0xff, 0xff, 0x03,
    0xff, 0xff, 0xff, 0xff, 0xff, 0xff, 0xff, 0xff, 0xff, 0xff, 0xff, 0xff,
    0xff, 0xff, 0xff, 0xff, 0xff, 0xff, 0xff, 0xff, 0xff, 0xff, 0xff, 0xff,
    0xff, 0xff, 0xff, 0xff, 0xff, 0xff, 0xff, 0x03, 0xff, 0xff, 0xff, 0xff,
    0xff, 0xff, 0xff, 0xff, 0xff, 0xff, 0xff, 0xff, 0xff, 0xff, 0xff, 0xff,
    0xff, 0xff, 0xff, 0xff, 0xff, 0xff, 0xff, 0xff, 0xff, 0xff, 0xff, 0xff,
    0xff, 0xff, 0xff, 0x03, 0xff, 0xff, 0xff, 0xff, 0xff, 0xff, 0xff, 0xff,
    0xff, 0xff, 0xff, 0xff, 0xff, 0xff, 0xff, 0xff, 0xff, 0xff, 0xff, 0xff,
    0xff, 0xff, 0xff, 0xff, 0xff, 0xff, 0xff, 0xff, 0xff, 0xff, 0xff, 0x03,
    0xff, 0xff, 0xff, 0xff, 0xff, 0xff, 0xff, 0xff, 0xff, 0xff, 0xff, 0xff,
    0xff, 0xff, 0xff, 0xff, 0xff, 0xff, 0xff, 0xff, 0xff, 0xff, 0xff, 0xff,
    0xff, 0xff, 0xff, 0xff, 0xff, 0xff, 0xff, 0x03, 0xff, 0xff, 0xff, 0xff,
    0xff, 0xff, 0xff, 0xff, 0xff, 0xff, 0xff, 0xff, 0xff, 0xff, 0xff, 0xff,
    0xff, 0xff, 0xff, 0xff, 0xff, 0xff, 0xff, 0xff, 0xff, 0xff, 0xff, 0xff,
    0xff, 0xff, 0xff, 0x03,
  },
  {
    /* frame 5 */
    0xff, 0xee, 0xff, 0xff, 0xff, 0xff, 0xff, 0xff, 0xff, 0xff, 0xff, 0xff,
    0xff, 0xff, 0xff, 0xff, 0xff, 0xff, 0xff, 0xff, 0xff, 0xff, 0xff, 0xff,
    0xff, 0xff, 0xff, 0xff, 0xff, 0xff, 0xff, 0x03, 0xff, 0xff, 0xff, 0xff,
    0xff, 0xff, 0xff, 0xff, 0xff, 0xff, 0xff, 0xff, 0xff, 0xff, 0xff, 0xff,
    0xff, 0xff, 0xff, 0xff, 0xff, 0xff, 0xff, 0xff, 0xff, 0xff, 0xff, 0xff,
    0xff, 0xff, 0xff, 0x03, 0xbf, 0xfb, 0xff, 0xff, 0xff, 0xff, 0xff, 0xff,
    0xff, 0xff, 0xff, 0xff, 0xff, 0xff, 0xff, 0xff, 0xff, 0xff, 0xff, 0xff,
    0xff, 0xff, 0xff, 0xff, 0xff, 0xff, 0xff, 0xff, 0xff, 0xff, 0xff, 0x03,
    0xff, 0xff, 0xff, 0xff, 0xff, 0xff, 0xff, 0xff, 0xff, 0xff, 0xff, 0xff,
    0xff, 0xff, 0xff, 0xff, 0xff, 0xff, 0xff, 0xff, 0xff, 0xff, 0xff, 0xff,
    0xff, 0xff, 0xff, 0xff, 0xff, 0xff, 0xff, 0x03, 0xef, 0xea, 0xff, 0xff,
    0xff, 0xff, 0xff, 0xff, 0xff, 0xff, 0xff, 0xff, 0xff, 0xff, 0xff, 0xff,
    0xff, 0xff, 0xff, 0xff, 0xff, 0xff, 0xff, 0xff, 0xff, 0xff, 0xff, 0xff,
    0xff, 0xff, 0xff, 0x03, 0xff, 0xff, 0xff, 0xff, 0xff, 0xff, 0xff, 0xff,
    0xff, 0xff, 0xff, 0xff, 0xff, 0xff, 0xff, 0xff, 0xff, 0xff, 0xff, 0xff,
    0xff, 0xff, 0xff, 0xff, 0xff, 0xff, 0xff, 0xff, 0xff, 0xff, 0xff, 0x03,
    0xbf, 0xff, 0xff, 0xff, 0xff, 0xff, 0xff, 0xff, 0xff, 0xff, 0xff, 0xff,
    0xff, 0xff, 0xff, 0xff, 0xff, 0xff, 0xff, 0xff, 0xff, 0xff, 0xff, 0xff,
    0xff, 0xff, 0xff, 0xff, 0xff, 0xff, 0xff, 0x03, 0xff, 0xff, 0xff, 0xff,
    0xff, 0xff, 0xff, 0xff, 0xff, 0xff, 0xff, 0xff, 0xff, 0xff, 0xff, 0xff,
    0xff, 0xff, 0xff, 0xff, 0xff, 0xff, 0xff, 0xff, 0xff, 0xff, 0xff, 0xff,
    0xff, 0xff, 0xff, 0x03, 0xef, 0xfe, 0xff, 0xff, 0xff, 0xff, 0xff, 0xff,
    0xff, 0xff, 0xff, 0xfe, 0xff, 0xff, 0xff, 0xff, 0xff, 0xff, 0xff, 0xff,
    0xff, 0xff, 0xff, 0xff, 0xff, 0xff, 0xff, 0xff, 0xff, 0xff, 0xff, 0x03,
    0xff, 0xff, 0xff, 0xff, 0xff, 0xff, 0xff, 0xff, 0xff, 0xff, 0xff, 0xff,
    0xff, 0xff, 0xff, 0xff, 0xff, 0xff, 0xff, 0xff, 0xff, 0xff, 0xff, 0xff,
    0xff, 0xff, 0xff, 0xff, 0xff, 0xff, 0xff, 0x03, 0xff, 0xff, 0xff, 0xff,
    0xff, 0xff, 0xff, 0xff, 0xff, 0xff, 0xbf, 0xfb, 0xff, 0xff, 0xff, 0xff,
    0xff, 0xff, 0xff, 0xff, 0xff, 0xff, 0xff, 0xff, 0xff, 0xff, 0xff, 0xff,
    0xff, 0xff, 0xff, 0x03, 0xff, 0xff, 0xff, 0xff, 0xff, 0xff, 0xff, 0xff,
    0xff, 0xff, 0xff, 0xff, 0xff, 0xff, 0xff, 0xff, 0xff, 0xff, 0xff, 0xff,
    0xff, 0xff, 0xff, 0xff, 0xff, 0xff, 0xff, 0xff, 0xff, 0xff, 0xff, 0x03,
    0xff, 0xff, 0xff, 0xff, 0xff, 0xff, 0xff, 0xff, 0xff, 0xff, 0xef, 0xea,
    0xee, 0xff, 0xff, 0xff, 0xff, 0xff, 0xff, 0xff, 0xff, 0xff, 0xff, 0xff,
    0xff, 0xff, 0xff, 0xff, 0xff, 0xff, 0xff, 0x03, 0xff, 0xff, 0xff, 0xff,
    0xff, 0xff, 0xff, 0xff, 0xff, 0xff, 0xff, 0xff, 0xff, 0xff, 0xff, 0xff,
    0xff, 0xff, 0xff, 0xff, 0xff, 0xff, 0xff, 0xff, 0xff, 0xff, 0xff, 0xff,
    0xff, 0xff, 0xff, 0x03, 0xff, 0xff, 0xff, 0xff, 0xff, 0xff, 0xff, 0xff,
    0xff, 0xff, 0xbb, 0xbb, 0xfb, 0xff, 0xff, 0xff, 0xff, 0xff, 0xff, 0xff,
    0xff, 0xff, 0xff, 0xff, 0xff, 0xff, 0xff, 0xff, 0xff, 0xff, 0xff, 0x03,
    0xff, 0xff, 0xff, 0xff, 0xff, 0xff, 0xff, 0xff, 0xff, 0xff, 0xff, 0xff,
    0xff, 0xff, 0xff, 0xff, 0xff, 0xff, 0xff, 0xff, 0xff, 0xff, 0xff, 0xff,
    0xff, 0xff, 0xff, 0xff, 0xff, 0xff, 0xff, 0x03, 0xff, 0xff, 0xff, 0xff,
    0xff, 0xff, 0xff, 0xff, 0xff, 0xff, 0xee, 0xee, 0xea, 0xff, 0xff, 0xff,
    0xff, 0xff, 0xff, 0xff, 0xff, 0xff, 0xef, 0xee, 0xee, 0xff, 0xff, 0xff,
    0xff, 0xff, 0xff, 0x03, 0xff, 0xff, 0xff, 0xff, 0xff, 0xff, 0xff, 0xff,
    0xff, 0xff, 0xff, 0xff, 0xff, 0xff, 0xff, 0xff, 0xff, 0xff, 0xff, 0xff,
    0xff, 0xff, 0xff, 0xff, 0xff, 0xff, 0xff, 0xff, 0xff, 0xff, 0xff, 0x03,
    0xff, 0xff, 0xff, 0xff, 0xff, 0xff, 0xff, 0xff, 0xff, 0xbf, 0xbb, 0xbb,
    0xfb, 0xff, 0xff, 0xff, 0xff, 0xff, 0xff, 0xff, 0xff, 0xff, 0xbb, 0xbb,
    0xfb, 0xff, 0xff, 0xff, 0xff, 0xff, 0xff, 0x03, 0xff, 0xff, 0xff, 0xff,
    0xff, 0xff, 0xff, 0xff, 0xff, 0xff, 0xff, 0xff, 0xff, 0xff, 0xff, 0xff,
    0xff, 0xff, 0xff, 0xff, 0xff, 0xff, 0xff, 0xff, 0xff, 0xff, 0xff, 0xff,
    0xff, 0xff, 0xff, 0x03, 0xff, 0xff, 0xff, 0xff, 0xff, 0xff, 0xff, 0xff,
    0xff, 0xef, 0xee, 0xee, 0xee, 0xff, 0xff, 0xff, 0xff, 0xff, 0xff, 0xff,
    0xff, 0xef, 0xaa, 0xaa, 0xea, 0xff, 0xff, 0xff, 0xef, 0xee, 0xfe, 0x03,
    0xff, 0xff, 0xff, 0xff, 0xff, 0xff, 0xff, 0xff, 0xff, 0xff, 0xff, 0xff,
    0xff, 0xff, 0xff, 0xff, 0xff, 0xff, 0xff, 0xff, 0xff, 0xff, 0xff, 0xff,
    0xff, 0xff, 0xff, 0xff, 0xff, 0xff, 0xff, 0x03, 0xff, 0xff, 0xff, 0xff,
    0xff, 0xff, 0xff, 0xff, 0xff, 0xbf, 0xbb, 0xbb, 0xfb, 0xff, 0xff, 0xff,
    0xff, 0xff, 0xff, 0xff, 0xff, 0xbb, 0xbb, 0xbb, 0xbb, 0xff, 0xff, 0xff,
    0xbf, 0xaa, 0xff, 0x03, 0xff, 0xff, 0xff, 0xff, 0xff, 0xff, 0xff, 0xff,
    0xff, 0xff, 0xff, 0xff, 0xff, 0xff, 0xff, 0xff, 0xff, 0xff, 0xff, 0xff,
    0xff, 0xff, 0xff, 0xff, 0xff, 0xff, 0xff, 0xff, 0x7f, 0xf7, 0xff, 0x03,
    0xff, 0xff, 0xff, 0xff, 0xff, 0xff, 0xff, 0xff, 0xff, 0xef, 0xee, 0xee,
    0xea, 0xff, 0xff, 0xff, 0xff, 0xff, 0xff, 0xff, 0xff, 0xaa, 0xaa, 0xaa,
    0xaa, 0xfe, 0xff, 0xff, 0xaf, 0xaa, 0xfe, 0x03, 0xff, 0xff, 0xff, 0xff,
    0xff, 0xff, 0xff, 0xff, 0xff, 0xff, 0xff, 0xff, 0xff, 0xff, 0xff, 0xff,
    0xff, 0xff, 0xff, 0xff, 0xff, 0xff, 0xff, 0xff, 0xdf, 0xff, 0xff, 0xff,
    0x5f, 0xd5, 0xff, 0x03, 0xff, 0xff, 0xff, 0xff, 0xff, 0xff, 0xff, 0xff,
    0xff, 0xbb, 0xbb, 0xbb, 0xbb, 0xff, 0xff, 0xff, 0xff, 0xff, 0xff, 0xff,
    0xbf, 0xbb, 0xbb, 0xab, 0xaa, 0xfa, 0xff, 0xff, 0xab, 0xaa, 0xff, 0x03,
    0xff, 0xff, 0xff, 0xff, 0xff, 0xff, 0xff, 0xff, 0xff, 0xff, 0xff, 0xff,
    0xff, 0xff, 0xff, 0xff, 0xff, 0xff, 0xff, 0xff, 0xff, 0xff, 0xff, 0xff,
    0x77, 0xff, 0xff, 0xff, 0x77, 0xf7, 0xff, 0x03, 0xff, 0xff, 0xff, 0xff,
    0xff, 0xff, 0xff, 0xff, 0xff, 0xee, 0xee, 0xee, 0xaa, 0xfe, 0xff, 0xff,
    0xff, 0xff, 0xff, 0xff, 0xaf, 0xaa, 0xaa, 0xaa, 0xaa, 0xea, 0xff, 0xee,
    0xaa, 0xaa, 0xfe, 0x03, 0xff, 0xff, 0xff, 0xff, 0xff, 0xff, 0xff, 0xff,
    0xff, 0xff, 0xff, 0xff, 0xff, 0xff, 0xff, 0xff, 0xff, 0xff, 0xff, 0xff,
    0xff, 0xff, 0xff, 0xff, 0x55, 0xfd, 0xff, 0xff, 0xd5, 0xfd, 0xff, 0x03,
    0xff, 0xff, 0xff, 0xff, 0xff, 0xff, 0xff, 0xff, 0xbf, 0xbb, 0xbb, 0xbb,
    0xab, 0xff, 0xff, 0xff, 0xff, 0xff, 0xff, 0xff, 0xbb, 0xbb, 0xbb, 0xaa,
    0xaa, 0xea, 0xff, 0xab, 0xaa, 0xaa, 0xff, 0x03, 0xff, 0xff, 0xff, 0xff,
    0xff, 0xff, 0xff, 0xff, 0xff, 0xff, 0xff, 0xff, 0xff, 0xff, 0xff, 0xff,
    0xff, 0xff, 0xff, 0xff, 0xff, 0xff, 0xff, 0x77, 0x55, 0xf5, 0xff, 0x77,
    0x77, 0xff, 0xff, 0x03, 0xff, 0xff, 0xff, 0xff, 0xff, 0xef, 0xff, 0xff,
    0xef, 0xee, 0xee, 0xae, 0xea, 0xfe, 0xff, 0xff, 0xff, 0xff, 0xff, 0xff,
    0xaa, 0xaa, 0xaa, 0xaa, 0xaa, 0xe8, 0xee, 0xaa, 0xaa, 0xaa, 0xee, 0x02,
    0xff, 0xff, 0xff, 0xff, 0xff, 0xff, 0xff, 0xff, 0xff, 0xff, 0xff, 0xff,
    0xff, 0xff, 0xff, 0xff, 0xff, 0xff, 0xff, 0xff, 0xff, 0xff, 0x5f, 0x55,
    0x55, 0xd5, 0xff, 0x55, 0xdd, 0xdd, 0xff, 0x03, 0xff, 0xff, 0xff, 0xff,
    0xff, 0xfb, 0xff, 0xff, 0xbf, 0xbb, 0xbb, 0xbb, 0xfb, 0xff, 0xff, 0xff,
    0xff, 0xff, 0xff, 0xbf, 0xbb, 0xbb, 0xab, 0x0a, 0xaa, 0xaa, 0xaa, 0xaa,
    0xaa, 0xaa, 0xaa, 0x03, 0xff, 0xff, 0xff, 0xff, 0xff, 0xff, 0xff, 0xff,
    0xff, 0xff, 0xff, 0xff, 0xff, 0xff, 0xff, 0xff, 0xff, 0xff, 0xff, 0xff,
    0xff, 0xff, 0x57, 0x15, 0x55, 0x75, 0x77, 0x77, 0xf7, 0x77, 0xf7, 0x03,
    0xff, 0xff, 0xff, 0xff, 0xff, 0xee, 0xff, 0xff, 0xef, 0xee, 0xee, 0xaa,
    0xea, 0xff, 0xff, 0xff, 0xff, 0xff, 0xef, 0xae, 0xaa, 0xaa, 0xaa, 0x00,
    0xa8, 0xaa, 0xaa, 0xaa, 0xaa, 0xaa, 0xaa, 0x02, 0xff, 0xff, 0xff, 0xff,
    0xff, 0xff, 0xff, 0xff, 0xff, 0xff, 0xff, 0xff, 0xff, 0xff, 0xff, 0xff,
    0xff, 0xff, 0xff, 0xff, 0xff, 0xff, 0x55, 0x05, 0x54, 0x55, 0xdd, 0xdd,
    0xdd, 0x5d, 0xd5, 0x03, 0xff, 0xff, 0xff, 0xff, 0xbf, 0xff, 0xff, 0xff,
    0xbb, 0xbb, 0xbb, 0xbb, 0xfb, 0xff, 0xff, 0xff, 0xff, 0xff, 0xbb, 0xbb,
    0xbb, 0xaa, 0xaa, 0x00, 0xa0, 0xaa, 0xaa, 0xaa, 0xaa, 0xaa, 0xaa, 0x03,
    0xff, 0xff, 0xff, 0xff, 0xff, 0xff, 0xff, 0xff, 0xff, 0xff, 0xff, 0xff,
    0xff, 0xff, 0xff, 0xff, 0xff, 0xff, 0xff, 0xff, 0xff, 0x7f, 0x55, 0x15,
    0x51, 0x55, 0xff, 0x77, 0x7f, 0x77, 0xf7, 0x03, 0xff, 0xff, 0xff, 0xff,
    0xef, 0xfe, 0xff, 0xff, 0xee, 0xee, 0xae, 0xaa, 0xea, 0xff, 0xff, 0xff,
    0xff, 0xee, 0xaa, 0xaa, 0xaa, 0xaa, 0xaa, 0x00, 0x80, 0x8a, 0xaa, 0xaa,
    0xaa, 0xaa, 0xaa, 0x02, 0xff, 0xff, 0xff, 0xff, 0xff, 0xff, 0xff, 0xff,
    0xff, 0xff, 0xff, 0xff, 0xff, 0xff, 0xff, 0xff, 0xff, 0xff, 0xff, 0xff,
    0xff, 0xdf, 0x55, 0x55, 0x40, 0x55, 0xd5, 0xdd, 0xdd, 0xdd, 0xdd, 0x03,
    0xff, 0xff, 0xff, 0xff, 0xbf, 0xff, 0xff, 0xff, 0xbb, 0xbb, 0xbb, 0xbb,
    0xbb, 0xff, 0xff, 0xff, 0xbf, 0xbb, 0xbb, 0xbb, 0xbb, 0xab, 0xaa, 0x02,
    0x00, 0xaa, 0xaa, 0xaa, 0xaa, 0xaa, 0xaa, 0x03, 0xff, 0xff, 0xff, 0xff,
    0xff, 0xff, 0xff, 0xff, 0xff, 0xff, 0xff, 0xff, 0xff, 0xff, 0xff, 0xff,
    0xff, 0xff, 0xff, 0xff, 0xff, 0xff, 0x57, 0x55, 0x11, 0x55, 0x75, 0xf7,
    0x77, 0x77, 0xf7, 0x03, 0xff, 0xff, 0xff, 0xff, 0xef, 0xfe, 0xff, 0xff,
    0xee, 0xee, 0xae, 0xaa, 0xaa, 0xfe, 0xff, 0xff, 0xae, 0xaa, 0xaa, 0xaa,
    0xaa, 0xaa, 0x8a, 0x0a, 0x00, 0xa8, 0xa8, 0xaa, 0xaa, 0xaa, 0xaa, 0x02,
    0xff, 0xff, 0xff, 0xff, 0xff, 0xff, 0xff, 0xff, 0xff, 0xff, 0xff, 0xff,
    0xff, 0xff, 0xff, 0xff, 0xff, 0xff, 0xff, 0xff, 0xff, 0xff, 0x55, 0x55,
    0x05, 0x54, 0x55, 0xdd, 0xdd, 0xdd, 0xdd, 0x03, 0xff, 0xff, 0xff, 0xff,
    0xbb, 0xff, 0xff, 0xff, 0xbb, 0xbb, 0xbb, 0xbb, 0xbb, 0xfb, 0xff, 0xbf,
    0xbb, 0xbb, 0xbb, 0xbb, 0xbb, 0xbb, 0xaa, 0xaa, 0x00, 0xa0, 0xaa, 0xaa,
    0xaa, 0xaa, 0xaa, 0x03, 0xff, 0xff, 0xff, 0xff, 0xff, 0xff, 0xff, 0xff,
    0xff, 0xff, 0xff, 0xff, 0xff, 0xff, 0xff, 0xff, 0xff, 0xff, 0xff, 0xff,
    0xff, 0xff, 0x57, 0x55, 0x15, 0x51, 0x55, 0x7f, 0x77, 0xf7, 0xff, 0x03,
    0xff, 0xff, 0xff, 0xff, 0xee, 0xfe, 0xff, 0xff, 0xee, 0xee, 0xae, 0xaa,
    0xaa, 0xea, 0xff, 0xef, 0xae, 0xaa, 0xaa, 0xaa, 0xaa, 0xaa, 0x8a, 0x8a,
    0x00, 0x80, 0x8a, 0xaa, 0xaa, 0xaa, 0xaa, 0x02, 0xff, 0xff, 0xff, 0xff,
    0xff, 0xff, 0xff, 0xff, 0xff, 0xff, 0xff, 0xff, 0xff, 0xff, 0xff, 0xff,
    0xff, 0xff, 0xff, 0xff, 0xff, 0x5f, 0x55, 0x55, 0x44, 0x44, 0x55, 0xd5,
    0xdd, 0xdd, 0xff, 0x03, 0xff, 0xff, 0xff, 0xff, 0xbb, 0xff, 0xff, 0xff,
    0xbb, 0xbb, 0xbb, 0xbb, 0xbb, 0xbb, 0xff, 0xbb, 0xbb, 0xbb, 0xbb, 0xbb,
    0xbb, 0xaa, 0xaa, 0x2a, 0x00, 0x00, 0xaa, 0xaa, 0xaa, 0xaa, 0xaa, 0x03,
    0xff, 0xff, 0xff, 0xff, 0xff, 0xff, 0xff, 0xff, 0xff, 0xff, 0xff, 0xff,
    0xff, 0xff, 0xff, 0xff, 0xff, 0xff, 0xff, 0xff, 0xff, 0x57, 0x55, 0x15,
    0x11, 0x11, 0x55, 0x75, 0x77, 0xf7, 0xff, 0x03, 0xff, 0xff, 0xff, 0xff,
    0xee, 0xfe, 0xff, 0xff, 0xee, 0xee, 0xee, 0xaa, 0xaa, 0xaa, 0xfe, 0xae,
    0xae, 0xaa, 0xaa, 0xaa, 0xaa, 0xaa, 0xa8, 0x00, 0x00, 0x00, 0xa8, 0xa8,
    0xaa, 0xaa, 0xaa, 0x02, 0xff, 0xff, 0xff, 0xff, 0xff, 0xff, 0xff, 0xff,
    0xff, 0xff, 0xff, 0xff, 0xff, 0xff, 0xff, 0xff, 0xff, 0xff, 0xff, 0xff,
    0xff, 0x5d, 0x55, 0x45, 0x44, 0x44, 0x54, 0xd5, 0xdd, 0xfd, 0xff, 0x03,
    0xff, 0xff, 0xff, 0xff, 0xbb, 0xfb, 0xff, 0xff, 0xbb, 0xbb, 0xbb, 0xbb,
    0xbb, 0xbb, 0xbb, 0xbb, 0xbb, 0xbb, 0xbb, 0xbb, 0xab, 0xaa, 0xaa, 0x00,
    0x00, 0x00, 0xa0, 0xaa, 0xaa, 0xaa, 0xbb, 0x03, 0xff, 0xff, 0xff, 0xff,
    0xff, 0xff, 0xff, 0xff, 0xff, 0xff, 0xff, 0xff, 0xff, 0xff, 0xff, 0xff,
    0xff, 0xff, 0xff, 0xff, 0xff, 0x77, 0x55, 0x11, 0x11, 0x11, 0x51, 0x75,
    0x77, 0xff, 0xff, 0x03, 0xff, 0xff, 0xff, 0xff, 0xee, 0xee, 0xfe, 0xff,
    0xee, 0xee, 0xee, 0xaa, 0xaa, 0xaa, 0xea, 0xae, 0xaa, 0xaa, 0xaa, 0xaa,
    0xaa, 0xaa, 0xa8, 0x00, 0x00, 0x00, 0x80, 0xa8, 0xaa, 0xaa, 0xaa, 0x02,
    0xff, 0xff, 0xff, 0xff, 0xff, 0xff, 0xff, 0xff, 0xff, 0xff, 0xff, 0xff,
    0xff, 0xff, 0xff, 0xff, 0xff, 0xff, 0xff, 0xff, 0xdf, 0x5d, 0x55, 0x41,
    0x44, 0x40, 0x44, 0x55, 0xdd, 0xdd, 0xdd, 0x03, 0xff, 0xff, 0xff, 0xff,
    0xbb, 0xbb, 0xff, 0xff, 0xbb, 0xbb, 0xbb, 0xbb, 0xbb, 0xbb, 0xbb, 0xbb,
    0xbb, 0xbb, 0xbb, 0xbb, 0xab, 0xaa, 0xaa, 0x00, 0x00, 0x00, 0x00, 0xaa,
    0xaa, 0xaa, 0xaa, 0x02, 0xff, 0xff, 0xff, 0xff, 0xff, 0xff, 0xff, 0xff,
    0xff, 0xff, 0xff, 0xff, 0xff, 0xff, 0xff, 0xff, 0xff, 0xff, 0xff, 0xff,
    0xf7, 0x77, 0x55, 0x15, 0x11, 0x01, 0x11, 0x55, 0x77, 0x77, 0x77, 0x03,
    0xff, 0xff, 0xff, 0xff, 0xef, 0xae, 0xee, 0xfe, 0xee, 0xee, 0xee, 0xaa,
    0xaa, 0xaa, 0xea, 0xaa, 0xaa, 0xaa, 0xaa, 0xaa, 0xaa, 0xaa, 0xa8, 0x00,
    0x00, 0x00, 0x00, 0xa8, 0xaa, 0xaa, 0xaa, 0x02, 0xff, 0xff, 0xff, 0xff,
    0xff, 0xff, 0xff, 0xff, 0xff, 0xff, 0xff, 0xff, 0xff, 0xff, 0xff, 0xff,
    0xff, 0xff, 0xff, 0x5f, 0xd5, 0x5d, 0x55, 0x55, 0x40, 0x00, 0x04, 0x54,
    0xdd, 0x5d, 0xd5, 0x01, 0xff, 0xff, 0xff, 0xff, 0xbf, 0xbb, 0xbb, 0xff,
    0xbb, 0xbb, 0xbb, 0xbb, 0xbb, 0xbb, 0xbb, 0xbb, 0xbb, 0xbb, 0xab, 0xaa,
    0xaa, 0xaa, 0xaa, 0x02, 0x00, 0x00, 0x00, 0xaa, 0xaa, 0xaa, 0xaa, 0x02,
    0xff, 0xff, 0xff, 0xff, 0xff, 0xff, 0xff, 0xff, 0xff, 0xff, 0xff, 0xff,
    0xff, 0xff, 0xff, 0xff, 0xff, 0xff, 0x7f, 0x77, 0xf5, 0xff, 0x57, 0x55,
    0x11, 0x11, 0x10, 0x55, 0x77, 0x77, 0x77, 0x03, 0xff, 0xff, 0xff, 0xff,
    0xef, 0xee, 0xaa, 0xfe, 0xee, 0xee, 0xee, 0xaa, 0xaa, 0xaa, 0xaa, 0xaa,
    0xaa, 0xaa, 0xaa, 0xaa, 0xaa, 0xaa, 0x8a, 0x0a, 0x00, 0x00, 0x00, 0x88,
    0xaa, 0xaa, 0xaa, 0x02, 0xff, 0xff, 0xff, 0xff, 0xff, 0xff, 0xff, 0xff,
    0xff, 0xff, 0xff, 0xff, 0xff, 0xff, 0xff, 0xff, 0xff, 0xdf, 0xdf, 0x5d,
    0xfd, 0xdf, 0x55, 0x55, 0x55, 0x04, 0x40, 0x55, 0xdd, 0xdd, 0xdd, 0x01,
    0xff, 0xff, 0xff, 0xff, 0xbf, 0xbb, 0xab, 0xff, 0xbb, 0xbb, 0xbb, 0xbb,
    0xbb, 0xbb, 0xbb, 0xbb, 0xbb, 0xaa, 0xaa, 0xaa, 0xba, 0xab, 0xaa, 0xaa,
    0x02, 0x00, 0xa0, 0xaa, 0xaa, 0xaa, 0xaa, 0x02, 0xff, 0xff, 0xff, 0xff,
    0xff, 0xff, 0xff, 0xff, 0xff, 0xff, 0xff, 0xff, 0xff, 0xff, 0xff, 0xff,
    0xff, 0x7f, 0xff, 0xff, 0xff, 0xff, 0x7f, 0x55, 0x55, 0x51, 0x51, 0x55,
    0x77, 0x77, 0x77, 0x03, 0xff, 0xff, 0xff, 0xff, 0xef, 0xee, 0xea, 0xfe,
    0xef, 0xee, 0xee, 0xae, 0xaa, 0xaa, 0xaa, 0xaa, 0xaa, 0xaa, 0xaa, 0xaa,
    0xaa, 0xae, 0xaa, 0xa8, 0x0a, 0x00, 0x80, 0x8a, 0xaa, 0xaa, 0xaa, 0x02,
    0xff, 0xff, 0xff, 0xff, 0xff, 0xff, 0xff, 0xff, 0xff, 0xff, 0xff, 0xff,
    0xff, 0xff, 0xff, 0xff, 0xff, 0xdf, 0xdd, 0xff, 0xff, 0xff, 0x5f, 0x55,
    0x55, 0x40, 0x55, 0x55, 0x5d, 0x5d, 0xd5, 0x03, 0xff, 0xff, 0xff, 0xff,
    0xbf, 0xbb, 0xfb, 0xff, 0xbf, 0xbb, 0xbb, 0xbb, 0xbb, 0xbb, 0xbb, 0xbb,
    0xbb, 0xab, 0xaa, 0xbb, 0xbb, 0xbb, 0xab, 0xaa, 0x2a, 0xa0, 0xaa, 0xaa,
    0xaa, 0xaa, 0xaa, 0x03, 0xff, 0xff, 0xff, 0xff, 0xff, 0xff, 0xff, 0xff,
    0xff, 0xff, 0xff, 0xff, 0xff, 0xff, 0xff, 0xff, 0xff, 0xff, 0xff, 0xff,
    0xff, 0xff, 0xff, 0x57, 0x55, 0x55, 0x55, 0x75, 0x7f, 0x77, 0xf7, 0x03,
    0xff, 0xff, 0xff, 0xfe, 0xff, 0xee, 0xee, 0xff, 0xef, 0xee, 0xee, 0xae,
    0xaa, 0xaa, 0xaa, 0xaa, 0xaa, 0xaa, 0xaa, 0xaa, 0xaa, 0xaa, 0xaa, 0xaa,
    0xa8, 0x80, 0x8a, 0xaa, 0xaa, 0xaa, 0xaa, 0x02, 0xff, 0xff, 0xff, 0xff,
    0xff, 0xff, 0xff, 0xff, 0xff, 0xff, 0xff, 0xff, 0xff, 0xff, 0xff, 0xff,
    0xff, 0xff, 0xff, 0xff, 0xff, 0xd5, 0xfd, 0x55, 0x55, 0x55, 0x55, 0xd5,
    0xdd, 0xfd, 0xff, 0x03, 0xff, 0xff, 0xbf, 0xfb, 0xff, 0xbb, 0xfb, 0xff,
    0xbf, 0xbb, 0xbb, 0xbb, 0xbb, 0xbb, 0xbb, 0xbb, 0xbb, 0xbb, 0xbb, 0xbb,
    0xab, 0xaa, 0xaa, 0xab, 0xaa, 0xaa, 0xaa, 0xaa, 0xaa, 0xaa, 0xab, 0x03,
    0xff, 0xff, 0xff, 0xff, 0xff, 0xff, 0xff, 0xff, 0xff, 0xff, 0xff, 0xff,
    0xff, 0xff, 0xff, 0xff, 0xff, 0xff, 0xff, 0xff, 0x7f, 0x55, 0xff, 0x57,
    0x55, 0x55, 0x55, 0x77, 0xf7, 0xff, 0xff, 0x03, 0xff, 0xff, 0xef, 0xea,
    0xff, 0xef, 0xee, 0xff, 0xff, 0xee, 0xee, 0xee, 0xaa, 0xaa, 0xaa, 0xaa,
    0xaa, 0xaa, 0xaa, 0xaa, 0xaa, 0x8a, 0xaa, 0xaa, 0x88, 0x8a, 0xa8, 0xaa,
    0xaa, 0xaa, 0xaa, 0x02, 0xff, 0xff, 0xff, 0xff, 0xff, 0xff, 0xff, 0xff,
    0xff, 0xff, 0xff, 0xff, 0xff, 0xff, 0xff, 0xff, 0xff, 0xff, 0xff, 0xff,
    0xdd, 0x55, 0x55, 0x55, 0x55, 0x55, 0xd5, 0x5d, 0xdd, 0xfd, 0xff, 0x03,
    0xff, 0xff, 0xbb, 0xfb, 0xff, 0xbf, 0xff, 0xff, 0xff, 0xbb, 0xbb, 0xbb,
    0xbb, 0xbb, 0xbb, 0xbb, 0xbb, 0xbb, 0xbb, 0xab, 0xaa, 0xaa, 0xaa, 0xaa,
    0xaa, 0xaa, 0xaa, 0xaa, 0xaa, 0xaa, 0xaa, 0x03, 0xff, 0xff, 0xff, 0xff,
    0xff, 0xff, 0xff, 0xff, 0xff, 0xff, 0xff, 0xff, 0xff, 0xff, 0xff, 0xff,
    0xff, 0xff, 0xff, 0x7f, 0x7f, 0x7f, 0x55, 0x55, 0x55, 0x55, 0xf5, 0x77,
    0x77, 0xf7, 0xff, 0x03, 0xff, 0xff, 0xee, 0xee, 0xff, 0xef, 0xfe, 0xff,
    0xff, 0xef, 0xee, 0xee, 0xae, 0xaa, 0xaa, 0xaa, 0xaa, 0xaa, 0xaa, 0xaa,
    0xaa, 0xaa, 0xaa, 0x88, 0xaa, 0xaa, 0xaa, 0xaa, 0xaa, 0xaa, 0xaa, 0x02,
    0xff, 0xff, 0xff, 0xff, 0xff, 0xff, 0xff, 0xff, 0xff, 0xff, 0xff, 0xff,
    0xff, 0xff, 0xff, 0xff, 0xff, 0xff, 0xff, 0xdf, 0x5d, 0x5d, 0x55, 0x55,
    0x55, 0xd5, 0x5f, 0xdd, 0xd5, 0xdd, 0xfd, 0x03, 0xff, 0xff, 0xbb, 0xff,
    0xff, 0xff, 0xff, 0xff, 0xff, 0xbf, 0xbb, 0xbb, 0xbb, 0xbb, 0xbb, 0xbb,
    0xbb, 0xbb, 0xbb, 0xaa, 0xaa, 0xaa, 0xaa, 0xaa, 0xaa, 0xaa, 0xbf, 0xaa,
    0xaa, 0xaa, 0xaa, 0x03, 0xff, 0xff, 0xff, 0xff, 0xff, 0xff, 0xff, 0xff,
    0xff, 0xff, 0xff, 0xff, 0xff, 0xff, 0xff, 0xff, 0xff, 0xff, 0xff, 0xff,
    0x57, 0xff, 0xff, 0x57, 0xf5, 0xff, 0x7f, 0xf7, 0x77, 0x77, 0xff, 0x03,
    0xff, 0xff, 0xef, 0xfe, 0xff, 0xff, 0xff, 0xff, 0xff, 0xef, 0xee, 0xee,
    0xae, 0xaa, 0xee, 0xae, 0xaa, 0xaa, 0xaa, 0xaa, 0xaa, 0xaa, 0xaa, 0xaa,
    0xa8, 0xea, 0xaf, 0xaa, 0xaa, 0xaa, 0xaa, 0x02, 0xff, 0xff, 0xff, 0xff,
    0xff, 0xff, 0xff, 0xff, 0xff, 0xff, 0xff, 0xff, 0xff, 0xff, 0xff, 0xff,
    0xff, 0xff, 0xff, 0xdf, 0x5d, 0xfd, 0xff, 0x55, 0xd5, 0xff, 0xff, 0xdd,
    0xdd, 0xdd, 0xdd, 0x03, 0xff, 0xff, 0xbf, 0xfb, 0xff, 0xff, 0xff, 0xff,
    0xff, 0xbf, 0xbb, 0xbb, 0xbb, 0xbb, 0xff, 0xbb, 0xbb, 0xbb, 0xbb, 0xab,
    0xaa, 0xba, 0xab, 0xaa, 0xaa, 0xfb, 0xff, 0xab, 0xaa, 0xaa, 0xaa, 0x02,
    0xff, 0xff, 0xff, 0xff, 0xff, 0xff, 0xff, 0xff, 0xff, 0xff, 0xff, 0xff,
    0xff, 0xff, 0xff, 0xff, 0xff, 0xff, 0xff, 0xff, 0xff, 0xff, 0x7f, 0x7f,
    0xf5, 0xff, 0xff, 0x77, 0x7f, 0x77, 0xf7, 0x03, 0xff, 0xff, 0xef, 0xea,
    0xfe, 0xff, 0xff, 0xff, 0xff, 0xef, 0xee, 0xee, 0xaa, 0xea, 0xfe, 0xaa,
    0xaa, 0xae, 0xaa, 0xaa, 0xaa, 0xaa, 0xaa, 0xaa, 0xaa, 0xee, 0xff, 0xaa,
    0xaa, 0xaa, 0xaa, 0x02, 0xff, 0xff, 0xff, 0xff, 0xff, 0xff, 0xff, 0xff,
    0xff, 0xff, 0xff, 0xff, 0xff, 0xff, 0xff, 0xff, 0xff, 0xff, 0xff, 0xff,
    0xff, 0xff, 0xdf, 0xdd, 0xfd, 0xff, 0xff, 0xd5, 0xff, 0x55, 0xf5, 0x03,
    0xff, 0xff, 0xbf, 0xbb, 0xff, 0xff, 0xff, 0xff, 0xff, 0xbf, 0xbb, 0xbb,
    0xab, 0xfa, 0xff, 0xab, 0xbb, 0xbb, 0xbb, 0xbb, 0xbb, 0xbb, 0xaa, 0xaa,
    0xab, 0xff, 0xff, 0xab, 0xaa, 0xaa, 0xea, 0x03, 0xff, 0xff, 0xff, 0xff,
    0xff, 0xff, 0xff, 0xff, 0xff, 0xff, 0xff, 0xff, 0xff, 0xff, 0xff, 0xff,
    0xff, 0xff, 0xff, 0xff, 0xff, 0xff, 0xf7, 0xff, 0xff, 0xff, 0xff, 0x77,
    0xff, 0x77, 0xff, 0x03, 0xff, 0xff, 0xef, 0xae, 0xfe, 0xff, 0xff, 0xff,
    0xff, 0xff, 0xee, 0xae, 0xee, 0xee, 0xff, 0xae, 0xea, 0xae, 0xaa, 0xaa,
    0xaa, 0xaa, 0xaa, 0xaa, 0xea, 0xfe, 0xff, 0xaa, 0xaa, 0xaa, 0xea, 0x03,
    0xff, 0xff, 0xff, 0xff, 0xff, 0xff, 0xff, 0xff, 0xff, 0xff, 0xff, 0xff,
    0xff, 0xff, 0xff, 0xff, 0xff, 0xff, 0xff, 0xff, 0xff, 0xff, 0xdd, 0xff,
    0xff, 0xff, 0xff, 0x5f, 0xfd, 0xdf, 0xff, 0x03, 0xff, 0xff, 0xbf, 0xfb,
    0xff, 0xff, 0xff, 0xff, 0xff, 0xff, 0xbb, 0xbb, 0xff, 0xff, 0xff, 0xbf,
    0xbb, 0xbb, 0xbb, 0xbb, 0xbb, 0xab, 0xaa, 0xbb, 0xfb, 0xff, 0xff, 0xbf,
    0xaa, 0xaa, 0xff, 0x03, 0xff, 0xff, 0xff, 0xff, 0xff, 0xff, 0xff, 0xff,
    0xff, 0xff, 0xff, 0xff, 0xff, 0xff, 0xff, 0xff, 0xff, 0xff, 0xff, 0xff,
    0xff, 0xff, 0xff, 0xff, 0xff, 0xff, 0xff, 0x7f, 0xf7, 0xff, 0xff, 0x03,
    0xff, 0xff, 0xff, 0xea, 0xff, 0xff, 0xff, 0xff, 0xff, 0xff, 0xef, 0xea,
    0xfe, 0xff, 0xff, 0xef, 0xee, 0xee, 0xaa, 0xaa, 0xaa, 0xaa, 0xaa, 0xaa,
    0xea, 0xff, 0xff, 0xaf, 0xaa, 0xea, 0xfe, 0x03, 0xff, 0xff, 0xff, 0xff,
    0xff, 0xff, 0xff, 0xff, 0xff, 0xff, 0xff, 0xff, 0xff, 0xff, 0xff, 0xff,
    0xff, 0xff, 0xff, 0xff, 0xff, 0xfd, 0xff, 0xff, 0xff, 0xff, 0xff, 0xff,
    0xd5, 0xfd, 0xff, 0x03, 0xff, 0xff, 0xff, 0xfb, 0xff, 0xff, 0xff, 0xff,
    0xff, 0xff, 0xbf, 0xfb, 0xff, 0xff, 0xff, 0xff, 0xbb, 0xbf, 0xbb, 0xbb,
    0xab, 0xaa, 0xbb, 0xbb, 0xff, 0xff, 0xff, 0xff, 0xab, 0xfa, 0xff, 0x03,
    0xff, 0xff, 0xff, 0xff, 0xff, 0xff, 0xff, 0xff, 0xff, 0xff, 0xff, 0xff,
    0xff, 0xff, 0xff, 0xff, 0xff, 0xff, 0xff, 0xff, 0xff, 0xff, 0xff, 0xff,
    0xff, 0xff, 0xff, 0xff, 0x77, 0xff, 0xff, 0x03, 0xff, 0xff, 0xff, 0xef,
    0xff, 0xfe, 0xff, 0xff, 0xff, 0xff, 0xff, 0xee, 0xff, 0xff, 0xff, 0xff,
    0xef, 0xfe, 0xae, 0xaa, 0xaa, 0xaa, 0xaa, 0xea, 0xfe, 0xff, 0xff, 0xff,
    0xaa, 0xea, 0xff, 0x03, 0xff, 0xff, 0xff, 0xff, 0xff, 0xff, 0xff, 0xff,
    0xff, 0xff, 0xff, 0xff, 0xff, 0xff, 0xff, 0xff, 0xff, 0xff, 0xff, 0xff,
    0xff, 0xff, 0xff, 0xff, 0xff, 0xff, 0xff, 0xff, 0xff, 0xff, 0xff, 0x03,
    0xff, 0xff, 0xff, 0xbf, 0xbf, 0xff, 0xff, 0xff, 0xff, 0xff, 0xff, 0xff,
    0xff, 0xff, 0xff, 0xff, 0xff, 0xff, 0xbb, 0xbb, 0xbb, 0xbb, 0xbb, 0xfa,
    0xff, 0xff, 0xff, 0xff, 0xff, 0xff, 0xff, 0x03, 0xff, 0xff, 0xff, 0xff,
    0xff, 0xff, 0xff, 0xff, 0xff, 0xff, 0xff, 0xff, 0xff, 0xff, 0xff, 0xff,
    0xff, 0xff, 0xff, 0xff, 0xff, 0xff, 0xff, 0xff, 0xff, 0xff, 0xff, 0xff,
    0xff, 0xff, 0xff, 0x03, 0xff, 0xff, 0xff, 0xef, 0xee, 0xfe, 0xff, 0xff,
    0xff, 0xff, 0xff, 0xff, 0xff, 0xff, 0xff, 0xff, 0xff, 0xff, 0xef, 0xee,
    0xaa, 0xaa, 0xea, 0xee, 0xff, 0xff, 0xff, 0xff, 0xff, 0xff, 0xff, 0x03,
    0xff, 0xff, 0xff, 0xff, 0xff, 0xff, 0xff, 0xff, 0xff, 0xff, 0xff, 0xff,
    0xff, 0xff, 0xff, 0xff, 0xff, 0xff, 0xff, 0xff, 0xff, 0xff, 0xff, 0xff,
    0xff, 0xff, 0xff, 0xff, 0xff, 0xff, 0xff, 0x03, 0xff, 0xff, 0xff, 0xff,
    0xfb, 0xff, 0xff, 0xff, 0xff, 0xff, 0xff, 0xff, 0xff, 0xff, 0xff, 0xff,
    0xff, 0xff, 0xff, 0xff, 0xab, 0xbb, 0xfa, 0xff, 0xff, 0xff, 0xff, 0xff,
    0xff, 0xff, 0xff, 0x03, 0xff, 0xff, 0xff, 0xff, 0xff, 0xff, 0xff, 0xff,
    0xff, 0xff, 0xff, 0xff, 0xff, 0xff, 0xff, 0xff, 0xff, 0xff, 0xff, 0xff,
    0xff, 0xff, 0xff, 0xff, 0xff, 0xff, 0xff, 0xff, 0xff, 0xff, 0xff, 0x03,
    0xff, 0xff, 0xff, 0xff, 0xee, 0xff, 0xff, 0xff, 0xff, 0xff, 0xff, 0xff,
    0xff, 0xff, 0xff, 0xff, 0xff, 0xff, 0xff, 0xff, 0xee, 0xee, 0xee, 0xff,
    0xff, 0xff, 0xff, 0xff, 0xff, 0xff, 0xff, 0x03, 0xff, 0xff, 0xff, 0xff,
    0xff, 0xff, 0xff, 0xff, 0xff, 0xff, 0xff, 0xff, 0xff, 0xff, 0xff, 0xff,
    0xff, 0xff, 0xff, 0xff, 0xff, 0xff, 0xff, 0xff, 0xff, 0xff, 0xff, 0xff,
    0xff, 0xff, 0xff, 0x03, 0xff, 0xff, 0xff, 0xff, 0xff, 0xff, 0xff, 0xff,
    0xff, 0xff, 0xff, 0xff, 0xff, 0xff, 0xff, 0xff, 0xff, 0xff, 0xff, 0xff,
    0xff, 0xff, 0xff, 0xff, 0xff, 0xff, 0xff, 0xff, 0xff, 0xff, 0xff, 0x03,
    0xff, 0xff, 0xff, 0xff, 0xff, 0xff, 0xff, 0xff, 0xff, 0xff, 0xff, 0xff,
    0xff, 0xff, 0xff, 0xff, 0xff, 0xff, 0xff, 0xff, 0xff, 0xff, 0xff, 0xff,
    0xff, 0xff, 0xff, 0xff, 0xff, 0xff, 0xff, 0x03, 0xff, 0xff, 0xff, 0xff,
    0xff, 0xff, 0xff, 0xff, 0xff, 0xff, 0xff, 0xff, 0xff, 0xff, 0xff, 0xff,
    0xff, 0xff, 0xff, 0xff, 0xff, 0xff, 0xff, 0xff, 0xff, 0xff, 0xff, 0xff,
    0xff, 0xff, 0xff, 0x03, 0xff, 0xff, 0xff, 0xff, 0xff, 0xff, 0xff, 0xff,
    0xff, 0xff, 0xff, 0xff, 0xff, 0xff, 0xff, 0xff, 0xff, 0xff, 0xff, 0xff,
    0xff, 0xff, 0xff, 0xff, 0xff, 0xff, 0xff, 0xff, 0xff, 0xff, 0xff, 0x03,
    0xff, 0xff, 0xff, 0xff, 0xff, 0xff, 0xff, 0xff, 0xff, 0xff, 0xff, 0xff,
    0xff, 0xff, 0xff, 0xff, 0xff, 0xff, 0xff, 0xff, 0xff, 0xff, 0xff, 0xff,
    0xff, 0xff, 0xff, 0xff, 0xff, 0xff, 0xff, 0x03, 0xff, 0xff, 0xff, 0xff,
    0xff, 0xff, 0xff, 0xff, 0xff, 0xff, 0xff, 0xff, 0xff, 0xff, 0xff, 0xff,
    0xff, 0xff, 0xff, 0xff, 0xff, 0xff, 0xff, 0xff, 0xff, 0xff, 0xff, 0xff,
    0xff, 0xff, 0xff, 0x03, 0xff, 0xff, 0xff, 0xff, 0xff, 0xff, 0xff, 0xff,
    0xff, 0xff, 0xff, 0xff, 0xff, 0xff, 0xff, 0xff, 0xff, 0xff, 0xff, 0xff,
    0xff, 0xff, 0xff, 0xff, 0xff, 0xff, 0xff, 0xff, 0xff, 0xff, 0xff, 0x03,
    0xff, 0xff, 0xff, 0xff, 0xff, 0xff, 0xff, 0xff, 0xff, 0xff, 0xff, 0xff,
    0xff, 0xff, 0xff, 0xff, 0xff, 0xff, 0xff, 0xff, 0xff, 0xff, 0xff, 0xff,
    0xff, 0xff, 0xff, 0xff, 0xff, 0xff, 0xff, 0x03, 0xff, 0xff, 0xff, 0xff,
    0xff, 0xff, 0xff, 0xff, 0xff, 0xff, 0xff, 0xff, 0xff, 0xff, 0xff, 0xff,
    0xff, 0xff, 0xff, 0xff, 0xff, 0xff, 0xff, 0xff, 0xff, 0xff, 0xff, 0xff,
    0xff, 0xff, 0xff, 0x03, 0xff, 0xff, 0xff, 0xff, 0xff, 0xff, 0xff, 0xff,
    0xff, 0xff, 0xff, 0xff, 0xff, 0xff, 0xff, 0xff, 0xff, 0xff, 0xff, 0xff,
    0xff, 0xff, 0xff, 0xff, 0xff, 0xff, 0xff, 0xff, 0xff, 0xff, 0xff, 0x03,
    0xff, 0xff, 0xff, 0xff, 0xff, 0xff, 0xff, 0xff, 0xff, 0xff, 0xff, 0xff,
    0xff, 0xff, 0xff, 0xff, 0xff, 0xff, 0xff, 0xff, 0xff, 0xff, 0xff, 0xff,
    0xff, 0xff, 0xff, 0xff, 0xff, 0xff, 0xff, 0x03, 0xff, 0xff, 0xff, 0xff,
    0xff, 0xff, 0xff, 0xff, 0xff, 0xff, 0xff, 0xff, 0xff, 0xff, 0xff, 0xff,
    0xff, 0xff, 0xff, 0xff, 0xff, 0xff, 0xff, 0xff, 0xff, 0xff, 0xff, 0xff,
    0xff, 0xff, 0xff, 0x03,
  },
  {
    /* frame 6 */
    0xff, 0xff, 0xff, 0xff, 0xff, 0xff, 0xff, 0xff, 0xff, 0xff, 0xff, 0xff,
    0xff, 0xff, 0xff, 0xff, 0xff, 0xff, 0xff, 0xff, 0xff, 0xff, 0xff, 0xff,
    0xff, 0xff, 0xff, 0xff, 0xff, 0xff, 0xff, 0x03, 0xff, 0xff, 0xff, 0xff,
    0xff, 0xff, 0xff, 0xff, 0xff, 0xff, 0xff, 0xff, 0xff, 0xff, 0xff, 0xff,
    0xff, 0xff, 0xff, 0xff, 0xff, 0xff, 0xff, 0xff, 0xff, 0xff, 0xff, 0xff,
    0xff, 0xff, 0xff, 0x03, 0xff, 0xff, 0xff, 0xff, 0xff, 0xff, 0xff, 0xff,
    0xff, 0xff, 0xff, 0xff, 0xff, 0xff, 0xff, 0xff, 0xff, 0xff, 0xff, 0xff,
    0xff, 0xff, 0xff, 0xff, 0xff, 0xff, 0xff, 0xff, 0xff, 0xff, 0xff, 0x03,
    0xff, 0xff, 0xff, 0xff, 0xff, 0xff, 0xff, 0xff, 0xff, 0xff, 0xff, 0xff,
    0xff, 0xff, 0xff, 0xff, 0xff, 0xff, 0xff, 0xff, 0xff, 0xff, 0xff, 0xff,
    0xff, 0xff, 0xff, 0xff, 0xff, 0xff, 0xff, 0x03, 0xff, 0xff, 0xff, 0xff,
    0xff, 0xff, 0xff, 0xff, 0xff, 0xff, 0xff, 0xff, 0xff, 0xff, 0xff, 0xff,
    0xff, 0xff, 0xff, 0xff, 0xff, 0xff, 0xff, 0xff, 0xff, 0xff, 0xff, 0xff,
    0xff, 0xff, 0xff, 0x03, 0xff, 0xff, 0xff, 0xff, 0xff, 0xff, 0xff, 0xff,
    0xff, 0xff, 0xff, 0xff, 0xff, 0xff, 0xff, 0xff, 0xff, 0xff, 0xff, 0xff,
    0xff, 0xff, 0xff, 0xff, 0xff, 0xff, 0xff, 0xff, 0xff, 0xff, 0xff, 0x03,
    0xff, 0xff, 0xff, 0xff, 0xff, 0xff, 0xff, 0xff, 0xff, 0xff, 0xff, 0xff,
    0xff, 0xff, 0xff, 0xff, 0xff, 0xff, 0xff, 0xff, 0xff, 0xff, 0xff, 0xff,
    0xff, 0xff, 0xff, 0xff, 0xff, 0xff, 0xff, 0x03, 0xff, 0xff, 0xff, 0xff,
    0xff, 0xff, 0xff, 0xff, 0xff, 0xff, 0xff, 0xff, 0xff, 0xff, 0xff, 0xff,
    0xff, 0xff, 0xff, 0xff, 0xff, 0xff, 0xff, 0xff, 0xff, 0xff, 0xff, 0xff,
    0xff, 0xff, 0xff, 0x03, 0xff, 0xff, 0xff, 0xff, 0xff, 0xff, 0xff, 0xff,
    0xff, 0xff, 0xfe, 0xff, 0xff, 0xff, 0xff, 0xff, 0xff, 0xff, 0xff, 0xff,
    0xff, 0xff, 0xff, 0xff, 0xff, 0xff, 0xff, 0xff, 0xff, 0xff, 0xff, 0x03,
    0xff, 0xff, 0xff, 0xff, 0xff, 0xff, 0xff, 0xff, 0xff, 0xff, 0xff, 0xff,
    0xff, 0xff, 0xff, 0xff, 0xff, 0xff, 0xff, 0xff, 0xff, 0xff, 0xff, 0xff,
    0xff, 0xff, 0xff, 0xff, 0xff, 0xff, 0xff, 0x03, 0xff, 0xff, 0xff, 0xff,
    0xff, 0xff, 0xff, 0xff, 0xff, 0xbf, 0xfb, 0xff, 0xff, 0xff, 0xff, 0xff,
    0xff, 0xff, 0xff, 0xff, 0xff, 0xff, 0xff, 0xff, 0xff, 0xff, 0xff, 0xff,
    0xff, 0xff, 0xff, 0x03, 0xff, 0xff, 0xff, 0xff, 0xff, 0xff, 0xff, 0xff,
    0xff, 0xff, 0xff, 0xff, 0xff, 0xff, 0xff, 0xff, 0xff, 0xff, 0xff, 0xff,
    0xff, 0xff, 0xff, 0xff, 0xff, 0xff, 0xff, 0xff, 0xff, 0xff, 0xff, 0x03,
    0xff, 0xff, 0xff, 0xff, 0xff, 0xff, 0xff, 0xff, 0xff, 0xef, 0xee, 0xfe,
    0xff, 0xff, 0xff, 0xff, 0xff, 0xff, 0xff, 0xff, 0xff, 0xff, 0xff, 0xff,
    0xff, 0xff, 0xff, 0xff, 0xff, 0xff, 0xff, 0x03, 0xff, 0xff, 0xff, 0xff,
    0xff, 0xff, 0xff, 0xff, 0xff, 0xff, 0xff, 0xff, 0xff, 0xff, 0xff, 0xff,
    0xff, 0xff, 0xff, 0xff, 0xff, 0xff, 0xff, 0xff, 0xff, 0xff, 0xff, 0xff,
    0xff, 0xff, 0xff, 0x03, 0xff, 0xff, 0xff, 0xff, 0xff, 0xff, 0xff, 0xff,
    0xff, 0xbb, 0xbb, 0xff, 0xff, 0xff, 0xff, 0xff, 0xff, 0xff, 0xff, 0xff,
    0xff, 0xff, 0xff, 0xff, 0xff, 0xff, 0xff, 0xff, 0xff, 0xff, 0xff, 0x03,
    0xff, 0xff, 0xff, 0xff, 0xff, 0xff, 0xff, 0xff, 0xff, 0xff, 0xff, 0xff,
    0xff, 0xff, 0xff, 0xff, 0xff, 0xff, 0xff, 0xff, 0xff, 0xff, 0xff, 0xff,
    0xff, 0xff, 0xff, 0xff, 0xff, 0xff, 0xff, 0x03, 0xff, 0xff, 0xff, 0xff,
    0xff, 0xff, 0xff, 0xff, 0xff, 0xee, 0xae, 0xfe, 0xff, 0xff, 0xff, 0xff,
    0xff, 0xff, 0xff, 0xff, 0xff, 0xff, 0xff, 0xff, 0xff, 0xff, 0xff, 0xff,
    0xff, 0xff, 0xff, 0x03, 0xff, 0xff, 0xff, 0xff, 0xff, 0xff, 0xff, 0xff,
    0xff, 0xff, 0xff, 0xff, 0xff, 0xff, 0xff, 0xff, 0xff, 0xff, 0xff, 0xff,
    0xff, 0xff, 0xff, 0xff, 0xff, 0xff, 0xff, 0xff, 0xff, 0xff, 0xff, 0x03,
    0xff, 0xff, 0xff, 0xff, 0xff, 0xff, 0xff, 0xff, 0xbf, 0xbb, 0xab, 0xff,
    0xff, 0xff, 0xff, 0xff, 0xff, 0xff, 0xff, 0xff, 0xff, 0xff, 0xff, 0xff,
    0xff, 0xff, 0xff, 0xff, 0xff, 0xff, 0xff, 0x03, 0xff, 0xff, 0xff, 0xff,
    0xff, 0xff, 0xff, 0xff, 0xff, 0xff, 0xff, 0xff, 0xff, 0xff, 0xff, 0xff,
    0xff, 0xff, 0xff, 0xff, 0xff, 0xff, 0xff, 0xff, 0xff, 0xff, 0xff, 0xff,
    0xff, 0xff, 0xff, 0x03, 0xff, 0xff, 0xff, 0xff, 0xff, 0xff, 0xff, 0xff,
    0xef, 0xee, 0xea, 0xfe, 0xff, 0xff, 0xff, 0xff, 0xff, 0xff, 0xff, 0xff,
    0xff, 0xff, 0xff, 0xff, 0xff, 0xff, 0xff, 0xff, 0xef, 0xee, 0xfe, 0x03,
    0xff, 0xff, 0xff, 0xff, 0xff, 0xff, 0xff, 0xff, 0xff, 0xff, 0xff, 0xff,
    0xff, 0xff, 0xff, 0xff, 0xff, 0xff, 0xff, 0xff, 0xff, 0xff, 0xff, 0xff,
    0xff, 0xff, 0xff, 0xff, 0xff, 0xff, 0xff, 0x03, 0xff, 0xff, 0xff, 0xff,
    0xff, 0xff, 0xff, 0xff, 0xbf, 0xbb, 0xfa, 0xff, 0xff, 0xff, 0xff, 0xff,
    0xff, 0xff, 0xff, 0xff, 0xff, 0xff, 0xff, 0xff, 0xff, 0xff, 0xff, 0xff,
    0xbf, 0xaa, 0xff, 0x03, 0xff, 0xff, 0xff, 0xff, 0xff, 0xff, 0xff, 0xff,
    0xff, 0xff, 0xff, 0xff, 0xff, 0xff, 0xff, 0xff, 0xff, 0xff, 0xff, 0xff,
    0xff, 0xff, 0xff, 0xff, 0xff, 0xff, 0xff, 0xff, 0x7f, 0xf7, 0xff, 0x03,
    0xff, 0xff, 0xff, 0xff, 0xff, 0xff, 0xff, 0xff, 0xef, 0xae, 0xee, 0xff,
    0xff, 0xff, 0xff, 0xff, 0xff, 0xff, 0xff, 0xff, 0xff, 0xee, 0xee, 0xee,
    0xff, 0xff, 0xff, 0xff, 0xaf, 0xaa, 0xfe, 0x03, 0xff, 0xff, 0xff, 0xff,
    0xff, 0xff, 0xff, 0xff, 0xff, 0xff, 0xff, 0xff, 0xff, 0xff, 0xff, 0xff,
    0xff, 0xff, 0xff, 0xff, 0xff, 0xff, 0xff, 0xff, 0xff, 0xff, 0xff, 0xff,
    0x5f, 0xd5, 0xff, 0x03, 0xff, 0xff, 0xff, 0xff, 0xff, 0xff, 0xff, 0xff,
    0xbb, 0xbb, 0xff, 0xff, 0xff, 0xff, 0xff, 0xff, 0xff, 0xff, 0xff, 0xff,
    0xbf, 0xbb, 0xbb, 0xfb, 0xff, 0xff, 0xff, 0xff, 0xab, 0xaa, 0xff, 0x03,
    0xff, 0xff, 0xff, 0xff, 0xff, 0xff, 0xff, 0xff, 0xff, 0xff, 0xff, 0xff,
    0xff, 0xff, 0xff, 0xff, 0xff, 0xff, 0xff, 0xff, 0xff, 0xff, 0xff, 0xff,
    0xff, 0xff, 0xff, 0xff, 0x77, 0xf7, 0xff, 0x03, 0xff, 0xff, 0xff, 0xff,
    0xff, 0xff, 0xff, 0xff, 0xee, 0xaa, 0xfe, 0xff, 0xff, 0xff, 0xff, 0xff,
    0xff, 0xff, 0xff, 0xff, 0xaf, 0xaa, 0xaa, 0xea, 0xee, 0xfe, 0xff, 0xee,
    0xaa, 0xaa, 0xfe, 0x03, 0xff, 0xff, 0xff, 0xff, 0xff, 0xff, 0xff, 0xff,
    0xff, 0xff, 0xff, 0xff, 0xff, 0xff, 0xff, 0xff, 0xff, 0xff, 0xff, 0xff,
    0xff, 0xff, 0xff, 0xff, 0xff, 0xff, 0xff, 0xff, 0xd5, 0xfd, 0xff, 0x03,
    0xff, 0xff, 0xff, 0xff, 0xff, 0xff, 0xff, 0xff, 0xbb, 0xab, 0xff, 0xff,
    0xff, 0xff, 0xff, 0xff, 0xff, 0xff, 0xff, 0xff, 0xbb, 0xbb, 0xbb, 0xbb,
    0xbb, 0xff, 0xff, 0xab, 0xaa, 0xaa, 0xff, 0x03, 0xff, 0xff, 0xff, 0xff,
    0xff, 0xff, 0xff, 0xff, 0xff, 0xff, 0xff, 0xff, 0xff, 0xff, 0xff, 0xff,
    0xff, 0xff, 0xff, 0xff, 0xff, 0xff, 0xff, 0xff, 0xff, 0xff, 0xff, 0x77,
    0x77, 0xff, 0xff, 0x03, 0xff, 0xff, 0xff, 0xff, 0xff, 0xff, 0xff, 0xff,
    0xee, 0xaa, 0xfe, 0xff, 0xff, 0xff, 0xff, 0xee, 0xff, 0xff, 0xff, 0xff,
    0xaa, 0xaa, 0xaa, 0xaa, 0xaa, 0xfe, 0xff, 0xaa, 0xaa, 0xaa, 0xee, 0x02,
    0xff, 0xff, 0xff, 0xff, 0xff, 0xff, 0xff, 0xff, 0xff, 0xff, 0xff, 0xff,
    0xff, 0xff, 0xff, 0xff, 0xff, 0xff, 0xff, 0xff, 0xff, 0xff, 0xff, 0xdf,
    0xdf, 0xff, 0xff, 0x55, 0xdd, 0xdd, 0xff, 0x03, 0xff, 0xff, 0xff, 0xff,
    0xff, 0xff, 0xff, 0xff, 0xbb, 0xab, 0xff, 0xff, 0xff, 0xff, 0xbf, 0xbb,
    0xff, 0xff, 0xff, 0xbf, 0xbb, 0xbb, 0xab, 0xaa, 0xaa, 0xfa, 0xbf, 0xaa,
    0xaa, 0xaa, 0xaa, 0x03, 0xff, 0xff, 0xff, 0xff, 0xff, 0xff, 0xff, 0xff,
    0xff, 0xff, 0xff, 0xff, 0xff, 0xff, 0xff, 0xff, 0xff, 0xff, 0xff, 0xff,
    0xff, 0xff, 0x77, 0x77, 0x77, 0xff, 0x7f, 0x77, 0xf7, 0x77, 0xf7, 0x03,
    0xff, 0xff, 0xff, 0xff, 0xff, 0xff, 0xff, 0xff, 0xee, 0xaa, 0xfe, 0xff,
    0xff, 0xff, 0xef, 0xee, 0xfe, 0xff, 0xff, 0xaf, 0xaa, 0xaa, 0xaa, 0xaa,
    0xaa, 0xaa, 0xae, 0xaa, 0xaa, 0xaa, 0xaa, 0x02, 0xff, 0xff, 0xff, 0xff,
    0xff, 0xff, 0xff, 0xff, 0xff, 0xff, 0xff, 0xff, 0xff, 0xff, 0xff, 0xff,
    0xff, 0xff, 0xff, 0xff, 0xff, 0x5f, 0x55, 0x55, 0x55, 0xd5, 0x5f, 0xdd,
    0xdd, 0x5d, 0xd5, 0x03, 0xff, 0xff, 0xff, 0xff, 0xff, 0xff, 0xff, 0xff,
    0xbb, 0xab, 0xff, 0xff, 0xff, 0xff, 0xbb, 0xbb, 0xfb, 0xff, 0xff, 0xbb,
    0xab, 0xaa, 0xaa, 0xaa, 0xaa, 0xaa, 0xaa, 0xaa, 0xaa, 0xaa, 0xaa, 0x03,
    0xff, 0xff, 0xff, 0xff, 0xff, 0xff, 0xff, 0xff, 0xff, 0xff, 0xff, 0xff,
    0xff, 0xff, 0xff, 0xff, 0xff, 0xff, 0xff, 0xff, 0xff, 0x57, 0x55, 0x55,
    0x55, 0x55, 0x77, 0x77, 0x7f, 0x77, 0xf7, 0x03, 0xff, 0xff, 0xff, 0xff,
    0xff, 0xff, 0xff, 0xff, 0xee, 0xaa, 0xfe, 0xff, 0xef, 0xee, 0xee, 0xee,
    0xee, 0xee, 0xee, 0xaa, 0xaa, 0x8a, 0x0a, 0x00, 0xa8, 0x8a, 0xaa, 0xaa,
    0xaa, 0xaa, 0xaa, 0x02, 0xff, 0xff, 0xff, 0xff, 0xff, 0xff, 0xff, 0xff,
    0xff, 0xff, 0xff, 0xff, 0xff, 0xff, 0xff, 0xff, 0xff, 0xff, 0xff, 0xff,
    0xff, 0x55, 0x55, 0x44, 0x55, 0x55, 0xd5, 0xdd, 0xdd, 0xdd, 0xdd, 0x03,
    0xff, 0xff, 0xff, 0xff, 0xff, 0xff, 0xff, 0xff, 0xbb, 0xbb, 0xfb, 0xff,
    0xbb, 0xbb, 0xbb, 0xbb, 0xbb, 0xbb, 0xbb, 0xbb, 0xbb, 0xaa, 0x0a, 0x00,
    0xaa, 0xaa, 0xaa, 0xaa, 0xaa, 0xaa, 0xaa, 0x03, 0xff, 0xff, 0xff, 0xff,
    0xff, 0xff, 0xff, 0xff, 0xff, 0xff, 0xff, 0xff, 0xff, 0xff, 0xff, 0xff,
    0xff, 0xff, 0xff, 0xff, 0xff, 0x57, 0x55, 0x11, 0x55, 0x55, 0xf5, 0xf7,
    0x77, 0x77, 0xf7, 0x03, 0xff, 0xff, 0xff, 0xff, 0xff, 0xff, 0xff, 0xff,
    0xee, 0xaa, 0xea, 0xff, 0xee, 0xee, 0xee, 0xee, 0xae, 0xaa, 0xaa, 0xaa,
    0xea, 0xaa, 0x00, 0x00, 0x88, 0x88, 0xaa, 0xaa, 0xaa, 0xaa, 0xaa, 0x02,
    0xff, 0xff, 0xff, 0xff, 0xff, 0xff, 0xff, 0xff, 0xff, 0xff, 0xff, 0xff,
    0xff, 0xff, 0xff, 0xff, 0xff, 0xff, 0xff, 0xff, 0xff, 0x5d, 0x45, 0x55,
    0x55, 0x55, 0x55, 0xdd, 0xdd, 0xdd, 0xdd, 0x03, 0xff, 0xff, 0xbf, 0xff,
    0xff, 0xff, 0xff, 0xff, 0xbb, 0xbb, 0xfb, 0xbf, 0xbb, 0xbb, 0xbb, 0xbb,
    0xbb, 0xbb, 0xbb, 0xbb, 0xbb, 0xab, 0xa0, 0xaa, 0x00, 0xa0, 0xaa, 0xaa,
    0xaa, 0xaa, 0xaa, 0x03, 0xff, 0xff, 0xff, 0xff, 0xff, 0xff, 0xff, 0xff,
    0xff, 0xff, 0xff, 0xff, 0xff, 0xff, 0xff, 0xff, 0xff, 0xff, 0xff, 0xff,
    0xff, 0x7f, 0x55, 0x55, 0x11, 0x51, 0x55, 0x7f, 0x77, 0xf7, 0xff, 0x03,
    0xff, 0xff, 0xaf, 0xfe, 0xff, 0xff, 0xff, 0xff, 0xee, 0xaa, 0xea, 0xae,
    0xee, 0xee, 0xee, 0xee, 0xaa, 0xaa, 0xaa, 0xaa, 0xaa, 0xae, 0x80, 0x0a,
    0x00, 0x80, 0x88, 0xaa, 0xaa, 0xaa, 0xaa, 0x02, 0xff, 0xff, 0xff, 0xff,
    0xff, 0xff, 0xff, 0xff, 0xff, 0xff, 0xff, 0xff, 0xff, 0xff, 0xff, 0xff,
    0xff, 0xff, 0xff, 0xdf, 0xff, 0xff, 0x55, 0x55, 0x44, 0x40, 0x55, 0xd5,
    0xdd, 0xdd, 0xff, 0x03, 0xff, 0xff, 0xbb, 0xff, 0xff, 0xff, 0xff, 0xff,
    0xbb, 0xbb, 0xbb, 0xbb, 0xbb, 0xbb, 0xbb, 0xbb, 0xbb, 0xbb, 0xbb, 0xaa,
    0xaa, 0xba, 0xaa, 0x0a, 0x00, 0x00, 0xa0, 0xaa, 0xaa, 0xaa, 0xaa, 0x03,
    0xff, 0xff, 0xff, 0xff, 0xff, 0xff, 0xff, 0xff, 0xff, 0xff, 0xff, 0xff,
    0xff, 0xff, 0xff, 0xff, 0xff, 0xff, 0xff, 0xf7, 0x77, 0xff, 0x57, 0x55,
    0x11, 0x11, 0x51, 0x75, 0x77, 0xf7, 0xff, 0x03, 0xff, 0xff, 0xee, 0xfe,
    0xff, 0xff, 0xff, 0xff, 0xee, 0xae, 0xaa, 0xaa, 0xea, 0xee, 0xee, 0xae,
    0xaa, 0xaa, 0xaa, 0xaa, 0xaa, 0xaa, 0x8a, 0x0a, 0x00, 0x00, 0x80, 0xa8,
    0xaa, 0xaa, 0xaa, 0x02, 0xff, 0xff, 0xff, 0xff, 0xff, 0xff, 0xff, 0xff,
    0xff, 0xff, 0xff, 0xff, 0xff, 0xff, 0xff, 0xff, 0xff, 0xff, 0xff, 0xdd,
    0x55, 0xdd, 0x55, 0x55, 0x44, 0x44, 0x44, 0x55, 0xdd, 0xfd, 0xff, 0x03,
    0xff, 0xff, 0xfb, 0xff, 0xff, 0xff, 0xff, 0xff, 0xbb, 0xbb, 0xbb, 0xbb,
    0xbb, 0xbb, 0xbb, 0xbb, 0xbb, 0xbb, 0xbb, 0xaa, 0xaa, 0xaa, 0xaa, 0x2a,
    0x00, 0x00, 0x00, 0xaa, 0xaa, 0xaa, 0xbb, 0x03, 0xff, 0xff, 0xff, 0xff,
    0xff, 0xff, 0xff, 0xff, 0xff, 0xff, 0xff, 0xff, 0xff, 0xff, 0xff, 0xff,
    0xff, 0xff, 0xff, 0x7f, 0x57, 0x55, 0x55, 0x55, 0x15, 0x11, 0x11, 0x55,
    0x77, 0xff, 0xff, 0x03, 0xff, 0xff, 0xee, 0xff, 0xff, 0xff, 0xff, 0xff,
    0xee, 0xee, 0xaa, 0xaa, 0xea, 0xee, 0xae, 0xaa, 0xaa, 0xaa, 0xaa, 0xaa,
    0x8a, 0x88, 0x88, 0xa8, 0x00, 0x00, 0x00, 0x88, 0xaa, 0xaa, 0xaa, 0x02,
    0xff, 0xff, 0xff, 0xff, 0xff, 0xff, 0xff, 0xff, 0xff, 0xff, 0xff, 0xff,
    0xff, 0xff, 0xff, 0xff, 0x5f, 0xfd, 0xff, 0xdf, 0x55, 0x55, 0x55, 0x55,
    0x55, 0x04, 0x00, 0x54, 0xdd, 0xdd, 0xdd, 0x03, 0xff, 0xff, 0xfb, 0xff,
    0xff, 0xff, 0xff, 0xff, 0xbb, 0xbb, 0xbb, 0xbb, 0xbb, 0xbb, 0xbb, 0xbb,
    0xaa, 0xba, 0xbb, 0xab, 0xaa, 0xaa, 0xaa, 0xaa, 0x02, 0x00, 0x00, 0xa0,
    0xaa, 0xaa, 0xaa, 0x02, 0xff, 0xff, 0xff, 0xff, 0xff, 0xff, 0xff, 0xff,
    0xff, 0xff, 0xff, 0xff, 0xff, 0xff, 0xff, 0xff, 0x57, 0xff, 0xff, 0xff,
    0x7f, 0x55, 0x55, 0x55, 0x15, 0x11, 0x10, 0x51, 0x77, 0x77, 0x77, 0x03,
    0xff, 0xff, 0xee, 0xff, 0xff, 0xff, 0xff, 0xff, 0xef, 0xee, 0xae, 0xaa,
    0xea, 0xee, 0xae, 0xaa, 0xaa, 0xaa, 0xaa, 0xaa, 0xaa, 0xaa, 0x8a, 0x88,
    0x0a, 0x00, 0x00, 0x80, 0xaa, 0xaa, 0xaa, 0x02, 0xff, 0xff, 0xff, 0xff,
    0xff, 0xff, 0xff, 0xff, 0xff, 0xff, 0xff, 0xff, 0xff, 0xff, 0xff, 0xff,
    0xdf, 0x5f, 0xfd, 0xff, 0xff, 0xdd, 0x55, 0x55, 0x55, 0x44, 0x40, 0x40,
    0xdd, 0x5d, 0xd5, 0x01, 0xff, 0xff, 0xfb, 0xff, 0xff, 0xff, 0xff, 0xff,
    0xbf, 0xbb, 0xbb, 0xbb, 0xbb, 0xbb, 0xbb, 0xbb, 0xab, 0xab, 0xba, 0xbb,
    0xbb, 0xaa, 0xaa, 0xaa, 0x0a, 0x00, 0x00, 0xa0, 0xaa, 0xaa, 0xaa, 0x02,
    0xff, 0xff, 0xff, 0xff, 0xff, 0xff, 0xff, 0xff, 0xff, 0xff, 0xff, 0xff,
    0xff, 0xff, 0xff, 0xff, 0xff, 0x7f, 0xff, 0xff, 0xff, 0xff, 0x7f, 0x55,
    0x55, 0x11, 0x11, 0x51, 0x77, 0x77, 0x77, 0x03, 0xff, 0xff, 0xee, 0xfe,
    0xff, 0xff, 0xff, 0xff, 0xff, 0xee, 0xee, 0xaa, 0xea, 0xee, 0xee, 0xaa,
    0xea, 0xaa, 0xaa, 0xaa, 0xaa, 0xea, 0xaa, 0x8a, 0x08, 0x00, 0x00, 0x80,
    0xaa, 0xaa, 0xaa, 0x02, 0xff, 0xff, 0xff, 0xff, 0xff, 0xff, 0xff, 0xff,
    0xff, 0xff, 0xff, 0xff, 0xff, 0xff, 0xff, 0xff, 0xff, 0xdf, 0xff, 0xff,
    0xff, 0xff, 0xdf, 0x55, 0x55, 0x45, 0x04, 0x54, 0xdd, 0xdd, 0xdd, 0x01,
    0xff, 0xff, 0xbb, 0xff, 0xff, 0xff, 0xff, 0xff, 0xff, 0xbb, 0xfb, 0xab,
    0xbb, 0xbb, 0xbb, 0xbb, 0xbb, 0xbb, 0xba, 0xbb, 0xbb, 0xbb, 0xbb, 0xaa,
    0x2a, 0x00, 0x00, 0xaa, 0xaa, 0xaa, 0xaa, 0x02, 0xff, 0xff, 0xff, 0xff,
    0xff, 0xff, 0xff, 0xff, 0xff, 0xff, 0xff, 0xff, 0xff, 0xff, 0xff, 0xff,
    0xff, 0xff, 0xff, 0xff, 0xff, 0xff, 0xff, 0x7f, 0x55, 0x15, 0x15, 0x55,
    0x77, 0x77, 0x77, 0x03, 0xff, 0xff, 0xaf, 0xee, 0xff, 0xff, 0xff, 0xff,
    0xff, 0xef, 0xfe, 0xaa, 0xee, 0xee, 0xee, 0xaa, 0xaa, 0xea, 0xaa, 0xaa,
    0xaa, 0xaa, 0xaa, 0xaa, 0xa8, 0x00, 0x00, 0xa8, 0xaa, 0xaa, 0xaa, 0x02,
    0xff, 0xff, 0xff, 0xff, 0xff, 0xff, 0xff, 0xff, 0xff, 0xff, 0xff, 0xff,
    0xff, 0xff, 0xff, 0xff, 0xff, 0xff, 0xff, 0xff, 0xff, 0xff, 0xff, 0xdf,
    0x55, 0x55, 0x55, 0xd5, 0x5d, 0x5d, 0xd5, 0x03, 0xff, 0xff, 0xbf, 0xfb,
    0xff, 0xff, 0xff, 0xff, 0xff, 0xbf, 0xff, 0xab, 0xbb, 0xbb, 0xbb, 0xbb,
    0xbb, 0xbb, 0xbb, 0xbb, 0xbb, 0xbb, 0xbb, 0xab, 0xaa, 0xaa, 0xaa, 0xaa,
    0xaa, 0xaa, 0xaa, 0x03, 0xff, 0xff, 0xff, 0xff, 0xff, 0xff, 0xff, 0xff,
    0xff, 0xff, 0xff, 0xff, 0xff, 0xff, 0xff, 0xff, 0xff, 0xff, 0xff, 0xff,
    0xff, 0xff, 0xff, 0x7f, 0x55, 0x55, 0x55, 0xf5, 0x7f, 0x77, 0xf7, 0x03,
    0xff, 0xff, 0xff, 0xee, 0xff, 0xff, 0xff, 0xff, 0xff, 0xef, 0xfe, 0xaa,
    0xee, 0xee, 0xee, 0xaa, 0xaa, 0xaa, 0xaa, 0xaa, 0xaa, 0xaa, 0xaa, 0xaa,
    0x8a, 0xaa, 0xaa, 0xaa, 0xaa, 0xaa, 0xaa, 0x02, 0xff, 0xff, 0xff, 0xff,
    0xff, 0xff, 0xff, 0xff, 0xff, 0xff, 0xff, 0xff, 0xff, 0xff, 0xff, 0xff,
    0xff, 0xff, 0xff, 0xff, 0xff, 0xff, 0xff, 0x5f, 0x55, 0x55, 0xdd, 0xdd,
    0xdd, 0xfd, 0xff, 0x03, 0xff, 0xff, 0xff, 0xff, 0xff, 0xff, 0xff, 0xff,
    0xff, 0xff, 0xff, 0xab, 0xbb, 0xbb, 0xbb, 0xbb, 0xbb, 0xbb, 0xbb, 0xbb,
    0xbb, 0xbb, 0xbb, 0xaa, 0xaa, 0xaa, 0xaa, 0xaa, 0xaa, 0xaa, 0xab, 0x03,
    0xff, 0xff, 0xff, 0xff, 0xff, 0xff, 0xff, 0xff, 0xff, 0xff, 0xff, 0xff,
    0xff, 0xff, 0xff, 0xff, 0xff, 0xff, 0xff, 0xff, 0xff, 0xff, 0xff, 0x57,
    0x55, 0x55, 0xff, 0x7f, 0xf7, 0xff, 0xff, 0x03, 0xff, 0xfe, 0xff, 0xff,
    0xff, 0xff, 0xff, 0xff, 0xff, 0xff, 0xff, 0xaa, 0xee, 0xee, 0xee, 0xae,
    0xaa, 0xaa, 0xaa, 0xaa, 0xaa, 0xaa, 0xaa, 0x8a, 0x88, 0x88, 0xaa, 0xaa,
    0xaa, 0xaa, 0xaa, 0x02, 0xff, 0xff, 0xff, 0xff, 0xff, 0xff, 0xff, 0xff,
    0xff, 0xff, 0xff, 0xff, 0xff, 0xff, 0xff, 0xff, 0xff, 0xff, 0xff, 0xff,
    0x5d, 0xfd, 0xff, 0x55, 0x55, 0xd5, 0xdd, 0x5d, 0xdd, 0xfd, 0xff, 0x03,
    0xbf, 0xff, 0xff, 0xff, 0xff, 0xff, 0xff, 0xff, 0xff, 0xff, 0xbf, 0xbb,
    0xbb, 0xbb, 0xbb, 0xbb, 0xbb, 0xbb, 0xbb, 0xab, 0xaa, 0xba, 0xbb, 0xaa,
    0xaa, 0xaa, 0xaa, 0xaa, 0xaa, 0xaa, 0xaa, 0x03, 0xff, 0xff, 0xff, 0xff,
    0xff, 0xff, 0xff, 0xff, 0xff, 0xff, 0xff, 0xff, 0xff, 0xff, 0xff, 0xff,
    0xff, 0xff, 0xff, 0x7f, 0x57, 0xff, 0xff, 0x57, 0x55, 0xf5, 0x7f, 0x77,
    0x77, 0xf7, 0xff, 0x03, 0xef, 0xee, 0xff, 0xff, 0xff, 0xff, 0xff, 0xff,
    0xff, 0xff, 0xef, 0xae, 0xee, 0xee, 0xee, 0xae, 0xaa, 0xaa, 0xaa, 0xaa,
    0xaa, 0xaa, 0xaa, 0x8a, 0xaa, 0xaa, 0xae, 0xaa, 0xaa, 0xaa, 0xaa, 0x02,
    0xff, 0xff, 0xff, 0xff, 0xff, 0xff, 0xff, 0xff, 0xff, 0xff, 0xff, 0xff,
    0xff, 0xff, 0xff, 0xff, 0xff, 0xff, 0x5f, 0xdd, 0xdf, 0xff, 0xff, 0x55,
    0xdd, 0xdd, 0x5f, 0xdd, 0xd5, 0xdd, 0xfd, 0x03, 0xbb, 0xfb, 0xff, 0xff,
    0xff, 0xff, 0xff, 0xff, 0xff, 0xfb, 0xbb, 0xbb, 0xbb, 0xbb, 0xbb, 0xbb,
    0xbb, 0xab, 0xaa, 0xaa, 0xba, 0xba, 0xaa, 0xaa, 0xaa, 0xab, 0xbf, 0xaa,
    0xaa, 0xaa, 0xaa, 0x03, 0xff, 0xff, 0xff, 0xff, 0xff, 0xff, 0xff, 0xff,
    0xff, 0xff, 0xff, 0xff, 0xff, 0xff, 0xff, 0xff, 0xff, 0xff, 0x77, 0xf5,
    0xff, 0xff, 0x7f, 0x57, 0xff, 0xff, 0x7f, 0xf7, 0x77, 0x77, 0xff, 0x03,
    0xee, 0xea, 0xff, 0xff, 0xff, 0xff, 0xff, 0xff, 0xff, 0xea, 0xee, 0xee,
    0xee, 0xee, 0xee, 0xae, 0xaa, 0xaa, 0xaa, 0xa8, 0xea, 0xaa, 0xaa, 0xaa,
    0xaa, 0xea, 0xae, 0xaa, 0xaa, 0xaa, 0xaa, 0x02, 0xff, 0xff, 0xff, 0xff,
    0xff, 0xff, 0xff, 0xff, 0xff, 0xff, 0xff, 0xff, 0xff, 0xff, 0xff, 0xff,
    0xff, 0xff, 0x5d, 0xd5, 0xff, 0xff, 0xdf, 0xd5, 0xff, 0xff, 0xff, 0xdd,
    0xdd, 0xdd, 0xdd, 0x03, 0xbb, 0xff, 0xff, 0xff, 0xff, 0xff, 0xff, 0xff,
    0xbf, 0xbb, 0xbf, 0xbf, 0xbb, 0xbb, 0xbb, 0xbb, 0xbb, 0xbb, 0xaa, 0xaa,
    0xbb, 0xbb, 0xab, 0xaa, 0xbb, 0xfb, 0xff, 0xab, 0xaa, 0xaa, 0xaa, 0x02,
    0xff, 0xff, 0xff, 0xff, 0xff, 0xff, 0xff, 0xff, 0xff, 0xff, 0xff, 0xff,
    0xff, 0xff, 0xff, 0xff, 0xff, 0xff, 0xff, 0xf7, 0xff, 0xff, 0xff, 0xff,
    0xff, 0xff, 0xff, 0x77, 0x7f, 0x77, 0xf7, 0x03, 0xae, 0xfe, 0xff, 0xff,
    0xff, 0xff, 0xff, 0xff, 0xef, 0xaa, 0xfe, 0xfe, 0xee, 0xee, 0xee, 0xae,
    0xaa, 0xaa, 0xaa, 0xaa, 0xaa, 0xaa, 0xaa, 0xaa, 0xaa, 0xea, 0xff, 0xaa,
    0xaa, 0xaa, 0xaa, 0x02, 0xff, 0xff, 0xff, 0xff, 0xff, 0xff, 0xff, 0xff,
    0xff, 0xff, 0xff, 0xff, 0xff, 0xff, 0xff, 0xff, 0xff, 0xff, 0xff, 0xfd,
    0xff, 0xff, 0xff, 0xff, 0xff, 0xff, 0xff, 0xd5, 0xff, 0x55, 0xf5, 0x03,
    0xbb, 0xff, 0xff, 0xff, 0xff, 0xff, 0xff, 0xff, 0xbb, 0xab, 0xff, 0xff,
    0xbb, 0xbb, 0xbb, 0xbb, 0xbb, 0xbb, 0xbb, 0xab, 0xbb, 0xbb, 0xbb, 0xba,
    0xbb, 0xff, 0xff, 0xab, 0xaa, 0xaa, 0xea, 0x03, 0xff, 0xff, 0xff, 0xff,
    0xff, 0xff, 0xff, 0xff, 0xff, 0xff, 0xff, 0xff, 0xff, 0xff, 0xff, 0xff,
    0xff, 0xff, 0xff, 0xff, 0xff, 0xff, 0xff, 0xff, 0xff, 0xff, 0xff, 0x77,
    0xff, 0x77, 0xff, 0x03, 0xae, 0xee, 0xff, 0xff, 0xff, 0xff, 0xff, 0xff,
    0xee, 0xaa, 0xfe, 0xff, 0xef, 0xee, 0xee, 0xae, 0xaa, 0xaa, 0xaa, 0xaa,
    0xaa, 0xaa, 0xee, 0xae, 0xea, 0xfe, 0xff, 0xaa, 0xaa, 0xaa, 0xea, 0x03,
    0xff, 0xff, 0xff, 0xff, 0xff, 0xff, 0xff, 0xff, 0xff, 0xff, 0xff, 0xff,
    0xff, 0xff, 0xff, 0xff, 0xff, 0xff, 0xff, 0xff, 0xff, 0xff, 0xff, 0xff,
    0xff, 0xff, 0xff, 0x5f, 0xfd, 0xdf, 0xff, 0x03, 0xbb, 0xfa, 0xff, 0xff,
    0xff, 0xff, 0xff, 0xff, 0xbb, 0xab, 0xff, 0xff, 0xbf, 0xbb, 0xbb, 0xbb,
    0xbb, 0xbb, 0xbb, 0xbb, 0xbb, 0xbb, 0xff, 0xbf, 0xfa, 0xff, 0xff, 0xbf,
    0xaa, 0xaa, 0xff, 0x03, 0xff, 0xff, 0xff, 0xff, 0xff, 0xff, 0xff, 0xff,
    0xff, 0xff, 0xff, 0xff, 0xff, 0xff, 0xff, 0xff, 0xff, 0xff, 0xff, 0xff,
    0xff, 0xff, 0xff, 0xff, 0xff, 0xff, 0xff, 0x7f, 0xf7, 0xff, 0xff, 0x03,
    0xae, 0xee, 0xff, 0xff, 0xff, 0xff, 0xff, 0xff, 0xef, 0xaa, 0xfe, 0xff,
    0xff, 0xee, 0xee, 0xee, 0xae, 0xaa, 0xaa, 0xaa, 0xaa, 0xea, 0xfe, 0xef,
    0xee, 0xff, 0xff, 0xaf, 0xaa, 0xea, 0xfe, 0x03, 0xff, 0xff, 0xff, 0xff,
    0xff, 0xff, 0xff, 0xff, 0xff, 0xff, 0xff, 0xff, 0xff, 0xff, 0xff, 0xff,
    0xff, 0xff, 0xff, 0xff, 0xff, 0xff, 0xff, 0xff, 0xff, 0xff, 0xff, 0xff,
    0xd5, 0xfd, 0xff, 0x03, 0xbb, 0xff, 0xff, 0xff, 0xff, 0xff, 0xff, 0xff,
    0xbf, 0xbb, 0xfb, 0xff, 0xff, 0xbb, 0xbb, 0xfb, 0xbf, 0xba, 0xbb, 0xab,
    0xba, 0xfa, 0xff, 0xff, 0xff, 0xff, 0xff, 0xff, 0xab, 0xfa, 0xff, 0x03,
    0xff, 0xff, 0xff, 0xff, 0xff, 0xff, 0xff, 0xff, 0xff, 0xff, 0xff, 0xff,
    0xff, 0xff, 0xff, 0xff, 0xff, 0xff, 0xff, 0xff, 0xff, 0xff, 0xff, 0xff,
    0xff, 0xff, 0xff, 0xff, 0x77, 0xff, 0xff, 0x03, 0xee, 0xfe, 0xff, 0xff,
    0xff, 0xff, 0xff, 0xff, 0xff, 0xae, 0xea, 0xfe, 0xff, 0xef, 0xee, 0xee,
    0xef, 0xaa, 0xaa, 0xaa, 0xaa, 0xee, 0xff, 0xff, 0xff, 0xff, 0xff, 0xff,
    0xaa, 0xea, 0xff, 0x03, 0xff, 0xff, 0xff, 0xff, 0xff, 0xff, 0xff, 0xff,
    0xff, 0xff, 0xff, 0xff, 0xff, 0xff, 0xff, 0xff, 0xff, 0xff, 0xff, 0xff,
    0xff, 0xff, 0xff, 0xff, 0xff, 0xff, 0xff, 0xff, 0xff, 0xff, 0xff, 0x03,
    0xbb, 0xfb, 0xff, 0xff, 0xff, 0xff, 0xff, 0xff, 0xff, 0xbb, 0xab, 0xff,
    0xff, 0xbf, 0xbb, 0xff, 0xff, 0xbb, 0xbb, 0xbb, 0xab, 0xff, 0xff, 0xff,
    0xff, 0xff, 0xff, 0xff, 0xff, 0xff, 0xff, 0x03, 0xff, 0xff, 0xff, 0xff,
    0xff, 0xff, 0xff, 0xff, 0xff, 0xff, 0xff, 0xff, 0xff, 0xff, 0xff, 0xff,
    0xff, 0xff, 0xff, 0xff, 0xff, 0xff, 0xff, 0xff, 0xff, 0xff, 0xff, 0xff,
    0xff, 0xff, 0xff, 0x03, 0xef, 0xea, 0xff, 0xff, 0xff, 0xff, 0xff, 0xff,
    0xff, 0xef, 0xaa, 0xfe, 0xff, 0xff, 0xee, 0xfe, 0xff, 0xef, 0xae, 0xaa,
    0xee, 0xfe, 0xff, 0xff, 0xff, 0xff, 0xff, 0xff, 0xff, 0xff, 0xff, 0x03,
    0xff, 0xff, 0xff, 0xff, 0xff, 0xff, 0xff, 0xff, 0xff, 0xff, 0xff, 0xff,
    0xff, 0xff, 0xff, 0xff, 0xff, 0xff, 0xff, 0xff, 0xff, 0xff, 0xff, 0xff,
    0xff, 0xff, 0xff, 0xff, 0xff, 0xff, 0xff, 0x03, 0xbf, 0xfb, 0xff, 0xff,
    0xff, 0xff, 0xff, 0xff, 0xff, 0xbf, 0xfb, 0xff, 0xff, 0xff, 0xff, 0xff,
    0xff, 0xff, 0xbb, 0xab, 0xff, 0xff, 0xff, 0xff, 0xff, 0xff, 0xff, 0xff,
    0xff, 0xff, 0xff, 0x03, 0xff, 0xff, 0xff, 0xff, 0xff, 0xff, 0xff, 0xff,
    0xff, 0xff, 0xff, 0xff, 0xff, 0xff, 0xff, 0xff, 0xff, 0xff, 0xff, 0xff,
    0xff, 0xff, 0xff, 0xff, 0xff, 0xff, 0xff, 0xff, 0xff, 0xff, 0xff, 0x03,
    0xef, 0xee, 0xfe, 0xff, 0xff, 0xff, 0xff, 0xff, 0xff, 0xff, 0xee, 0xff,
    0xff, 0xff, 0xff, 0xff, 0xff, 0xff, 0xef, 0xea, 0xfe, 0xff, 0xff, 0xff,
    0xff, 0xff, 0xff, 0xff, 0xff, 0xff, 0xff, 0x03, 0xff, 0xff, 0xff, 0xff,
    0xff, 0xff, 0xff, 0xff, 0xff, 0xff, 0xff, 0xff, 0xff, 0xff, 0xff, 0xff,
    0xff, 0xff, 0xff, 0xff, 0xff, 0xff, 0xff, 0xff, 0xff, 0xff, 0xff, 0xff,
    0xff, 0xff, 0xff, 0x03, 0xff, 0xbf, 0xff, 0xff, 0xff, 0xff, 0xff, 0xff,
    0xff, 0xff, 0xff, 0xff, 0xff, 0xff, 0xff, 0xff, 0xff, 0xff, 0xbf, 0xfb,
    0xff, 0xff, 0xff, 0xff, 0xff, 0xff, 0xff, 0xff, 0xff, 0xff, 0xff, 0x03,
    0xff, 0xff, 0xff, 0xff, 0xff, 0xff, 0xff, 0xff, 0xff, 0xff, 0xff, 0xff,
    0xff, 0xff, 0xff, 0xff, 0xff, 0xff, 0xff, 0xff, 0xff, 0xff, 0xff, 0xff,
    0xff, 0xff, 0xff, 0xff, 0xff, 0xff, 0xff, 0x03, 0xff, 0xef, 0xfe, 0xff,
    0xff, 0xff, 0xff, 0xff, 0xff, 0xff, 0xff, 0xff, 0xff, 0xff, 0xff, 0xff,
    0xff, 0xff, 0xff, 0xee, 0xff, 0xff, 0xff, 0xff, 0xff, 0xff, 0xff, 0xff,
    0xff, 0xff, 0xff, 0x03, 0xff, 0xff, 0xff, 0xff, 0xff, 0xff, 0xff, 0xff,
    0xff, 0xff, 0xff, 0xff, 0xff, 0xff, 0xff, 0xff, 0xff, 0xff, 0xff, 0xff,
    0xff, 0xff, 0xff, 0xff, 0xff, 0xff, 0xff, 0xff, 0xff, 0xff, 0xff, 0x03,
    0xff, 0xff, 0xff, 0xff, 0xff, 0xff, 0xff, 0xff, 0xff, 0xff, 0xff, 0xff,
    0xff, 0xff, 0xff, 0xff, 0xff, 0xff, 0xff, 0xff, 0xff, 0xff, 0xff, 0xff,
    0xff, 0xff, 0xff, 0xff, 0xff, 0xff, 0xff, 0x03, 0xff, 0xff, 0xff, 0xff,
    0xff, 0xff, 0xff, 0xff, 0xff, 0xff, 0xff, 0xff, 0xff, 0xff, 0xff, 0xff,
    0xff, 0xff, 0xff, 0xff, 0xff, 0xff, 0xff, 0xff, 0xff, 0xff, 0xff, 0xff,
    0xff, 0xff, 0xff, 0x03, 0xff, 0xff, 0xff, 0xff, 0xff, 0xff, 0xff, 0xff,
    0xff, 0xff, 0xff, 0xff, 0xff, 0xff, 0xff, 0xff, 0xff, 0xff, 0xff, 0xff,
    0xff, 0xff, 0xff, 0xff, 0xff, 0xff, 0xff, 0xff, 0xff, 0xff, 0xff, 0x03,
    0xff, 0xff, 0xff, 0xff, 0xff, 0xff, 0xff, 0xff, 0xff, 0xff, 0xff, 0xff,
    0xff, 0xff, 0xff, 0xff, 0xff, 0xff, 0xff, 0xff, 0xff, 0xff, 0xff, 0xff,
    0xff, 0xff, 0xff, 0xff, 0xff, 0xff, 0xff, 0x03, 0xff, 0xff, 0xff, 0xff,
    0xff, 0xff, 0xff, 0xff, 0xff, 0xff, 0xff, 0xff, 0xff, 0xff, 0xff, 0xff,
    0xff, 0xff, 0xff, 0xff, 0xff, 0xff, 0xff, 0xff, 0xff, 0xff, 0xff, 0xff,
    0xff, 0xff, 0xff, 0x03, 0xff, 0xff, 0xff, 0xff, 0xff, 0xff, 0xff, 0xff,
    0xff, 0xff, 0xff, 0xff, 0xff, 0xff, 0xff, 0xff, 0xff, 0xff, 0xff, 0xff,
    0xff, 0xff, 0xff, 0xff, 0xff, 0xff, 0xff, 0xff, 0xff, 0xff, 0xff, 0x03,
    0xff, 0xff, 0xff, 0xff, 0xff, 0xff, 0xff, 0xff, 0xff, 0xff, 0xff, 0xff,
    0xff, 0xff, 0xff, 0xff, 0xff, 0xff, 0xff, 0xff, 0xff, 0xff, 0xff, 0xff,
    0xff, 0xff, 0xff, 0xff, 0xff, 0xff, 0xff, 0x03, 0xff, 0xff, 0xff, 0xff,
    0xff, 0xff, 0xff, 0xff, 0xff, 0xff, 0xff, 0xff, 0xff, 0xff, 0xff, 0xff,
    0xff, 0xff, 0xff, 0xff, 0xff, 0xff, 0xff, 0xff, 0xff, 0xff, 0xff, 0xff,
    0xff, 0xff, 0xff, 0x03,
  },
};
